date,activity,weight,points,crono
2022-07-07,Qualificacao,50,15,0001:41:42
2022-07-07,Art Guilherme,40,0,0000:56:41
2022-07-07,Curso ML,35,0,0003:44:57
2022-07-07,Deutsch,45,0,0001:49:04
2022-07-07,Exercicios,80,0,0000:53:11
2022-07-07,Meditacao,100,0,0000:23:50
2022-07-07,Art CsSbXU,40,0,0000:00:00
2022-07-07,Art CsSbXdop,40,0,0006:33:05
2022-07-06,Qualificacao,50,0,0000:25:19
2022-07-06,Art Guilherme,40,0,0000:56:41
2022-07-06,Curso ML,35,8,0003:44:57
2022-07-06,Deutsch,45,0,0001:49:04
2022-07-06,Exercicios,80,0,0000:53:11
2022-07-06,Meditacao,100,0,0000:23:50
2022-07-06,Art CsSbXU,40,0,0000:00:00
2022-07-06,Art CsSbXdop,40,0,0006:33:05
2022-07-05,Curso ML,35,0,0002:59:57
2022-07-05,Art Guilherme,40,0,0000:56:41
2022-07-05,Qualificacao,50,0,0000:25:19
2022-07-05,Deutsch,45,0,0001:49:04
2022-07-05,Art CsSbXU,40,0,0000:00:00
2022-07-05,Meditacao,100,0,0000:23:50
2022-07-05,Exercicios,80,0,0000:53:11
2022-07-05,Art CsSbXdop,40,0,0006:33:05
2022-07-04,Art Guilherme,40,0,0000:56:41
2022-07-04,Qualificacao,50,0,0000:25:19
2022-07-04,Curso ML,35,0,0002:59:57
2022-07-04,Deutsch,45,0,0001:49:04
2022-07-04,Art CsSbXdop,40,0,0006:33:05
2022-07-04,Meditacao,100,0,0000:23:50
2022-07-04,Art CsSbXU,40,0,0000:00:00
2022-07-04,Exercicios,80,0,0000:53:11
2022-07-03,Art CsSbXdop,40,0,0006:33:05
2022-07-03,Curso ML,35,0,0002:59:57
2022-07-03,Qualificacao,50,0,0000:25:19
2022-07-03,Art Guilherme,40,0,0000:56:41
2022-07-03,Art CsSbXU,40,0,0000:00:00
2022-07-03,Meditacao,100,0,0000:23:50
2022-07-03,Deutsch,45,0,0001:49:04
2022-07-03,Exercicios,80,0,0000:53:11
2022-07-02,Curso ML,35,0,0002:59:57
2022-07-02,Deutsch,45,0,0001:49:04
2022-07-02,Qualificacao,50,0,0000:25:19
2022-07-02,Art Guilherme,40,0,0000:56:41
2022-07-02,Meditacao,100,0,0000:23:50
2022-07-02,Exercicios,80,0,0000:53:11
2022-07-02,Art CsSbXdop,40,0,0006:33:05
2022-07-02,Art CsSbXU,40,0,0000:00:00
2022-07-01,Qualificacao,50,0,0000:25:19
2022-07-01,Art Guilherme,40,0,0000:56:41
2022-07-01,Curso ML,35,0,0002:59:57
2022-07-01,Deutsch,45,0,0001:49:04
2022-07-01,Art CsSbXU,40,0,0000:00:00
2022-07-01,Meditacao,100,0,0000:23:50
2022-07-01,Art CsSbXdop,40,0,0006:33:05
2022-07-01,Exercicios,80,0,0000:53:11
2022-06-30,Art Guilherme,40,3,0000:56:41
2022-06-30,Curso ML,35,0,0002:59:57
2022-06-30,Deutsch,45,2,0001:49:04
2022-06-30,Qualificacao,50,0,0000:25:19
2022-06-30,Art CsSbXU,40,0,0000:00:00
2022-06-30,Art CsSbXdop,40,6,0006:33:05
2022-06-30,Meditacao,100,0,0000:23:50
2022-06-30,Exercicios,80,0,0000:53:11
2022-06-29,Art Guilherme,40,8,0000:42:54
2022-06-29,Curso ML,35,8,0002:59:57
2022-06-29,Deutsch,45,4,0001:32:22
2022-06-29,Qualificacao,50,0,0000:25:19
2022-06-29,Art CsSbXU,40,0,0000:00:00
2022-06-29,Art CsSbXdop,40,24,0005:58:43
2022-06-29,Meditacao,100,2,0000:23:50
2022-06-29,Exercicios,80,2,0000:53:11
2022-06-28,Art Guilherme,40,0,0000:00:00
2022-06-28,Qualificacao,50,5,0000:25:19
2022-06-28,Art CsSbXdop,40,0,0003:41:50
2022-06-28,Curso ML,35,11,0002:26:09
2022-06-28,Art CsSbXU,40,0,0000:00:00
2022-06-28,Deutsch,45,8,0001:09:17
2022-06-28,Meditacao,100,0,0000:12:51
2022-06-28,Exercicios,80,0,0000:53:11
2022-06-27,Deutsch,45,4,0000:19:17
2022-06-27,Qualificacao,50,0,0000:00:00
2022-06-27,Curso ML,35,5,0001:20:46
2022-06-27,Art Guilherme,40,0,0000:00:00
2022-06-27,Art CsSbXdop,40,18,0003:41:50
2022-06-27,Art CsSbXU,40,0,0000:00:00
2022-06-27,Meditacao,100,1,0000:12:51
2022-06-27,Exercicios,80,2,0000:53:11
2022-06-26,Qualificacao,50,0,0000:00:00
2022-06-26,Curso ML,35,9,0000:48:33
2022-06-26,Deutsch,45,0,0000:00:00
2022-06-26,Art Guilherme,40,0,0000:00:00
2022-06-26,Art CsSbXdop,40,25,0002:07:21
2022-06-26,Meditacao,100,1,0000:05:41
2022-06-26,Exercicios,80,5,0000:41:08
2022-06-26,Art CsSbXU,40,0,0000:00:00
2022-06-25,Meditacao,100,0,0000:00:00
2022-06-25,Curso ML,35,0,0000:00:00
2022-06-25,Art CsSbXdop,40,0,0000:00:00
2022-06-25,Qualificacao,50,0,0000:00:00
2022-06-25,Deutsch,45,0,0000:00:00
2022-06-25,Exercicios,80,0,0000:00:00
2022-06-25,Art Guilherme,40,0,0000:00:00
2022-06-25,Art CsSbXU,40,0,0000:00:00
2021-03-18,VitaminasEtc,150,0,0000:00:00
2021-03-18,Afirmacoes,150,0,0000:00:00
2021-03-18,Programacao,40,29,0000:01:48
2021-03-18,Flauta,40,0,0000:00:00
2021-03-18,Meditacao,50,0,0000:00:00
2021-03-18,Domesticas,10,0,0000:00:00
2021-03-18,Exercicios,15,31,0000:02:39
2021-03-18,Neuronation/Ingles,25,0,0000:00:00
2021-03-18,Pesquisas,40,7,0000:01:06
2021-03-18,Disciplinas,40,0,0000:00:00
2021-03-17,Neuronation/Ingles,25,0,0000:00:00
2021-03-17,Meditacao,50,0,0000:00:00
2021-03-17,Exercicios,15,10,0000:01:01
2021-03-17,Flauta,40,0,0000:00:00
2021-03-17,Afirmacoes,150,0,0000:00:00
2021-03-17,Pesquisas,40,3,0000:00:30
2021-03-17,Disciplinas,40,0,0000:00:00
2021-03-17,VitaminasEtc,150,0,0000:00:00
2021-03-17,Programacao,40,0,0000:00:00
2021-03-17,Domesticas,10,0,0000:00:00
2021-03-16,Pesquisas,40,4,0000:00:24
2021-03-16,VitaminasEtc,150,0,0000:00:00
2021-03-16,Programacao,40,0,0000:00:00
2021-03-16,Disciplinas,40,0,0000:00:00
2021-03-16,Exercicios,15,0,0000:00:12
2021-03-16,Meditacao,50,0,0000:00:00
2021-03-16,Domesticas,10,0,0000:00:00
2021-03-16,Afirmacoes,150,0,0000:00:00
2021-03-16,Neuronation/Ingles,25,0,0000:00:00
2021-03-16,Flauta,40,0,0000:00:00
2021-03-15,Flauta,40,0,00:00:00
2021-03-15,Programacao,40,0,00:00:00
2021-03-15,VitaminasEtc,150,0,00:00:00
2021-03-15,Domesticas,10,0,00:00:00
2021-03-15,Exercicios,15,2,00:00:12
2021-03-15,Afirmacoes,150,0,00:00:00
2021-03-15,Pesquisas,40,0,00:00:20
2021-03-15,Disciplinas,40,0,00:00:00
2021-03-15,Neuronation/Ingles,25,0,00:00:00
2021-03-15,Meditacao,50,0,00:00:00
2021-03-14,Flauta,40,0,00:00:00
2021-03-14,VitaminasEtc,150,0,00:00:00
2021-03-14,Programacao,40,0,00:00:00
2021-03-14,Disciplinas,40,0,00:00:00
2021-03-14,Meditacao,50,0,00:00:00
2021-03-14,Exercicios,15,0,00:00:12
2021-03-14,Afirmacoes,150,0,00:00:00
2021-03-14,Neuronation/Ingles,25,0,00:00:00
2021-03-14,Domesticas,10,0,00:00:00
2021-03-14,Pesquisas,40,3,00:00:17
2021-03-13,Programacao,40,2,00:00:00
2021-03-13,Afirmacoes,150,13,00:00:00
2021-03-13,VitaminasEtc,150,0,00:00:00
2021-03-13,Pesquisas,40,3,00:00:05
2021-03-13,Meditacao,50,3,00:00:00
2021-03-13,Flauta,40,1,00:00:00
2021-03-13,Neuronation/Ingles,25,0,00:00:00
2021-03-13,Domesticas,10,0,00:00:00
2021-03-13,Disciplinas,40,0,00:00:00
2021-03-13,Exercicios,15,9,00:00:00
2021-03-12,Domesticas,10,0,00:00:00
2021-03-12,Programacao,40,0,00:00:00
2021-03-12,VitaminasEtc,150,0,00:00:00
2021-03-12,Disciplinas,40,24,00:00:00
2021-03-12,Neuronation/Ingles,25,12,00:00:00
2021-03-12,Pesquisas,40,24,00:00:00
2021-03-12,Meditacao,50,4,00:00:00
2021-03-12,Flauta,40,0,00:00:00
2021-03-12,Exercicios,15,20,00:00:00
2021-03-12,Afirmacoes,150,6,00:00:00
2021-03-11,VitaminasEtc,150,0,00:00:00
2021-03-11,Exercicios,15,0,00:00:00
2021-03-11,Disciplinas,40,0,00:00:00
2021-03-11,Domesticas,10,0,00:00:00
2021-03-11,Afirmacoes,150,0,00:00:00
2021-03-11,Pesquisas,40,12,00:00:00
2021-03-11,Flauta,40,0,00:00:00
2021-03-11,Programacao,40,0,00:00:00
2021-03-11,Meditacao,50,0,00:00:00
2021-03-11,Neuronation/Ingles,25,0,00:00:00
2021-03-10,Flauta,40,1,00:00:00
2021-03-10,Disciplinas,40,1,00:00:00
2021-03-10,Domesticas,20,5,00:00:00
2021-03-10,Afirmacoes,150,1,00:00:00
2021-03-10,Programacao,40,2,00:00:00
2021-03-10,Meditacao,50,2,00:00:00
2021-03-10,Neuronation/Ingles,25,1,00:00:00
2021-03-10,Pesquisas,40,8,00:00:00
2021-03-10,VitaminasEtc,150,0,00:00:00
2021-03-10,Exercicios,15,3,00:00:00
2021-03-09,Meditacao,50,0,00:00:00
2021-03-09,Disciplinas,40,0,00:00:00
2021-03-09,Programacao,40,0,00:00:00
2021-03-09,VitaminasEtc,150,0,00:00:00
2021-03-09,Pesquisas,40,80,00:00:00
2021-03-09,Domesticas,10,24,00:00:00
2021-03-09,Exercicios,15,0,00:00:00
2021-03-09,Flauta,40,0,00:00:00
2021-03-09,Neuronation/Ingles,25,0,00:00:00
2021-03-09,Afirmacoes,150,0,00:00:00
2021-03-08,Domesticas,10,24,00:00:00
2021-03-08,Flauta,40,0,00:00:00
2021-03-08,Programacao,40,0,00:00:00
2021-03-08,Disciplinas,40,0,00:00:00
2021-03-08,Afirmacoes,150,0,00:00:00
2021-03-08,Neuronation/Ingles,25,0,00:00:00
2021-03-08,Exercicios,15,0,00:00:00
2021-03-08,Meditacao,50,0,00:00:00
2021-03-08,Pesquisas,40,80,00:00:00
2021-03-08,VitaminasEtc,150,0,00:00:00
2021-03-07,Disciplinas,40,0,00:00:00
2021-03-07,VitaminasEtc,150,0,00:00:00
2021-03-07,Pesquisas,40,80,00:00:00
2021-03-07,Programacao,40,0,00:00:00
2021-03-07,Afirmacoes,150,0,00:00:00
2021-03-07,Exercicios,15,0,00:00:00
2021-03-07,Domesticas,10,24,00:00:00
2021-03-07,Meditacao,50,0,00:00:00
2021-03-07,Flauta,40,0,00:00:00
2021-03-07,Neuronation/Ingles,25,0,00:00:00
2021-03-06,Pesquisas,40,80,00:00:00
2021-03-06,Programacao,40,0,00:00:00
2021-03-06,Neuronation/Ingles,25,0,00:00:00
2021-03-06,Meditacao,50,0,00:00:00
2021-03-06,Flauta,40,0,00:00:00
2021-03-06,VitaminasEtc,150,0,00:00:00
2021-03-06,Disciplinas,40,0,00:00:00
2021-03-06,Afirmacoes,150,0,00:00:00
2021-03-06,Domesticas,10,24,00:00:00
2021-03-06,Exercicios,15,0,00:00:00
2021-03-05,Exercicios,15,0,00:00:00
2021-03-05,Pesquisas,40,80,00:00:00
2021-03-05,Meditacao,50,0,00:00:00
2021-03-05,Programacao,40,0,00:00:00
2021-03-05,VitaminasEtc,150,0,00:00:00
2021-03-05,Disciplinas,40,0,00:00:00
2021-03-05,Flauta,40,0,00:00:00
2021-03-05,Neuronation/Ingles,25,0,00:00:00
2021-03-05,Afirmacoes,150,0,00:00:00
2021-03-05,Domesticas,10,24,00:00:00
2021-03-04,Neuronation/Ingles,25,0,00:00:00
2021-03-04,Exercicios,15,0,00:00:00
2021-03-04,Programacao,40,0,00:00:00
2021-03-04,Pesquisas,40,80,00:00:00
2021-03-04,Meditacao,50,0,00:00:00
2021-03-04,Afirmacoes,150,0,00:00:00
2021-03-04,Disciplinas,40,0,00:00:00
2021-03-04,Flauta,40,0,00:00:00
2021-03-04,VitaminasEtc,150,0,00:00:00
2021-03-04,Domesticas,10,24,00:00:00
2021-03-03,Pesquisas,40,90,00:00:00
2021-03-03,Exercicios,15,2,00:00:00
2021-03-03,Meditacao,50,0,00:00:00
2021-03-03,Disciplinas,40,5,00:00:00
2021-03-03,Afirmacoes,150,0,00:00:00
2021-03-03,Programacao,40,0,00:00:00
2021-03-03,Flauta,40,0,00:00:00
2021-03-03,Neuronation/Ingles,25,0,00:00:00
2021-03-03,Domesticas,10,12,00:00:00
2021-03-03,VitaminasEtc,150,1,00:00:00
2021-03-02,Pesquisas,40,48,00:00:00
2021-03-02,Neuronation/Ingles,25,0,00:00:00
2021-03-02,Disciplinas,40,48,00:00:00
2021-03-02,Afirmacoes,150,0,00:00:00
2021-03-02,Exercicios,15,0,00:00:00
2021-03-02,Meditacao,50,0,00:00:00
2021-03-02,VitaminasEtc,150,1,00:00:00
2021-03-02,Flauta,40,0,00:00:00
2021-03-02,Domesticas,10,12,00:00:00
2021-03-02,Programacao,40,0,00:00:00
2021-03-01,Disciplinas,40,48,00:00:00
2021-03-01,Meditacao,50,0,00:00:00
2021-03-01,Programacao,40,0,00:00:00
2021-03-01,Domesticas,10,12,00:00:00
2021-03-01,Afirmacoes,150,0,00:00:00
2021-03-01,VitaminasEtc,150,1,00:00:00
2021-03-01,Flauta,40,0,00:00:00
2021-03-01,Pesquisas,40,48,00:00:00
2021-03-01,Neuronation/Ingles,25,0,00:00:00
2021-03-01,Exercicios,15,12,00:00:00
2021-02-28,Disciplinas,40,60,00:00:00
2021-02-28,Programacao,40,0,00:00:00
2021-02-28,Pesquisas,40,18,00:00:00
2021-02-28,Meditacao,50,0,00:00:00
2021-02-28,Afirmacoes,150,0,00:00:00
2021-02-28,Neuronation/Ingles,25,0,00:00:00
2021-02-28,VitaminasEtc,150,1,00:00:00
2021-02-28,Exercicios,15,20,00:00:00
2021-02-28,Domesticas,10,12,00:00:00
2021-02-28,Flauta,40,0,00:00:00
2021-02-27,Programacao,40,0,00:00:00
2021-02-27,Exercicios,15,0,00:00:00
2021-02-27,Disciplinas,40,0,00:00:00
2021-02-27,Meditacao,50,0,00:00:00
2021-02-27,Afirmacoes,150,0,00:00:00
2021-02-27,Neuronation/Ingles,25,0,00:00:00
2021-02-27,VitaminasEtc,150,1,00:00:00
2021-02-27,Domesticas,10,12,00:00:00
2021-02-27,Flauta,40,0,00:00:00
2021-02-27,Pesquisas,40,90,00:00:00
2021-02-26,VitaminasEtc,150,1,00:00:00
2021-02-26,Pesquisas,40,6,00:00:00
2021-02-26,Domesticas,10,24,00:00:00
2021-02-26,Exercicios,15,0,00:00:00
2021-02-26,Flauta,40,0,00:00:00
2021-02-26,Neuronation/Ingles,25,0,00:00:00
2021-02-26,Disciplinas,40,60,00:00:00
2021-02-26,Meditacao,50,0,00:00:00
2021-02-26,Afirmacoes,150,0,00:00:00
2021-02-26,Programacao,40,0,00:00:00
2021-02-25,VitaminasEtc,150,1,00:00:00
2021-02-25,Domesticas,10,12,00:00:00
2021-02-25,Exercicios,15,0,00:00:00
2021-02-25,Meditacao,50,0,00:00:00
2021-02-25,Pesquisas,40,24,00:00:00
2021-02-25,Afirmacoes,150,0,00:00:00
2021-02-25,Flauta,40,0,00:00:00
2021-02-25,Disciplinas,40,70,00:00:00
2021-02-25,Programacao,40,0,00:00:00
2021-02-25,Neuronation/Ingles,25,0,00:00:00
2021-02-24,Exercicios,15,12,00:00:00
2021-02-24,Programacao,40,0,00:00:00
2021-02-24,Disciplinas,40,50,00:00:00
2021-02-24,Neuronation/Ingles,25,0,00:00:00
2021-02-24,Meditacao,50,0,00:00:00
2021-02-24,Domesticas,10,12,00:00:00
2021-02-24,VitaminasEtc,150,1,00:00:00
2021-02-24,Afirmacoes,150,0,00:00:00
2021-02-24,Flauta,40,0,00:00:00
2021-02-24,Pesquisas,40,48,00:00:00
2021-02-23,Flauta,40,0,00:00:00
2021-02-23,Domesticas,10,18,00:00:00
2021-02-23,Disciplinas,40,0,00:00:00
2021-02-23,Afirmacoes,150,0,00:00:00
2021-02-23,Programacao,40,0,00:00:00
2021-02-23,Exercicios,15,4,00:00:00
2021-02-23,Meditacao,50,0,00:00:00
2021-02-23,Pesquisas,40,100,00:00:00
2021-02-23,Neuronation/Ingles,25,0,00:00:00
2021-02-23,VitaminasEtc,150,1,00:00:00
2021-02-22,VitaminasEtc,150,1,00:00:00
2021-02-22,Neuronation/Ingles,25,0,00:00:00
2021-02-22,Exercicios,15,0,00:00:00
2021-02-22,Afirmacoes,150,0,00:00:00
2021-02-22,Meditacao,50,0,00:00:00
2021-02-22,Flauta,40,0,00:00:00
2021-02-22,Programacao,40,0,00:00:00
2021-02-22,Domesticas,10,12,00:00:00
2021-02-22,Pesquisas,40,100,00:00:00
2021-02-22,Disciplinas,40,0,00:00:00
2021-02-21,Afirmacoes,150,0,00:00:00
2021-02-21,VitaminasEtc,150,1,00:00:00
2021-02-21,Neuronation/Ingles,25,0,00:00:00
2021-02-21,Pesquisas,40,96,00:00:00
2021-02-21,Meditacao,50,4,00:00:00
2021-02-21,Exercicios,15,6,00:00:00
2021-02-21,Disciplinas,40,0,00:00:00
2021-02-21,Flauta,40,0,00:00:00
2021-02-21,Domesticas,10,0,00:00:00
2021-02-21,Programacao,40,0,00:00:00
2021-02-20,Neuronation/Ingles,25,0,00:00:00
2021-02-20,VitaminasEtc,150,0,00:00:00
2021-02-20,Afirmacoes,150,0,00:00:00
2021-02-20,Pesquisas,40,6,00:00:00
2021-02-20,Domesticas,10,0,00:00:00
2021-02-20,Programacao,40,0,00:00:00
2021-02-20,Flauta,40,0,00:00:00
2021-02-20,Disciplinas,40,96,00:00:00
2021-02-20,Exercicios,15,0,00:00:00
2021-02-20,Meditacao,50,0,00:00:00
2021-02-19,Disciplinas,40,60,00:00:00
2021-02-19,Domesticas,10,36,00:00:00
2021-02-19,Exercicios,15,0,00:00:00
2021-02-19,VitaminasEtc,150,0,00:00:00
2021-02-19,Afirmacoes,150,0,00:00:00
2021-02-19,Pesquisas,40,24,00:00:00
2021-02-19,Neuronation/Ingles,25,0,00:00:00
2021-02-19,Programacao,40,0,00:00:00
2021-02-19,Flauta,40,0,00:00:00
2021-02-19,Meditacao,50,0,00:00:00
2021-02-18,Domesticas,10,30,00:00:00
2021-02-18,Exercicios,15,0,00:00:00
2021-02-18,Neuronation/Ingles,25,0,00:00:00
2021-02-18,Meditacao,50,0,00:00:00
2021-02-18,Pesquisas,40,50,00:00:00
2021-02-18,Programacao,40,0,00:00:00
2021-02-18,Flauta,40,0,00:00:00
2021-02-18,VitaminasEtc,150,1,00:00:00
2021-02-18,Disciplinas,40,60,00:00:00
2021-02-18,Afirmacoes,150,0,00:00:00
2021-02-17,Flauta,40,0,00:00:00
2021-02-17,VitaminasEtc,150,1,00:00:00
2021-02-17,Meditacao,50,0,00:00:00
2021-02-17,Afirmacoes,150,0,00:00:00
2021-02-17,Exercicios,15,0,00:00:00
2021-02-17,Neuronation/Ingles,25,0,00:00:00
2021-02-17,Disciplinas,40,0,00:00:00
2021-02-17,Domesticas,10,18,00:00:00
2021-02-17,Programacao,40,0,00:00:00
2021-02-17,Pesquisas,40,100,00:00:00
2021-02-16,Pesquisas,40,54,00:00:00
2021-02-16,Neuronation/Ingles,25,0,00:00:00
2021-02-16,Afirmacoes,150,0,00:00:00
2021-02-16,VitaminasEtc,150,1,00:00:00
2021-02-16,Programacao,40,0,00:00:00
2021-02-16,Flauta,40,0,00:00:00
2021-02-16,Meditacao,50,2,00:00:00
2021-02-16,Exercicios,15,2,00:00:00
2021-02-16,Disciplinas,40,0,00:00:00
2021-02-16,Domesticas,10,48,00:00:00
2021-02-15,Flauta,40,0,00:00:00
2021-02-15,Programacao,40,0,00:00:00
2021-02-15,VitaminasEtc,150,1,00:00:00
2021-02-15,Disciplinas,40,80,00:00:00
2021-02-15,Meditacao,50,0,00:00:00
2021-02-15,Afirmacoes,150,0,00:00:00
2021-02-15,Exercicios,15,0,00:00:00
2021-02-15,Pesquisas,40,5,00:00:00
2021-02-15,Neuronation/Ingles,25,0,00:00:00
2021-02-15,Domesticas,10,30,00:00:00
2021-02-14,Afirmacoes,150,0,00:00:00
2021-02-14,Domesticas,10,48,00:00:00
2021-02-14,Pesquisas,40,60,00:00:00
2021-02-14,Programacao,40,0,00:00:00
2021-02-14,Disciplinas,40,0,00:00:00
2021-02-14,Meditacao,50,3,00:00:00
2021-02-14,Exercicios,15,0,00:00:00
2021-02-14,VitaminasEtc,150,1,00:00:00
2021-02-14,Neuronation/Ingles,25,0,00:00:00
2021-02-14,Flauta,40,0,00:00:00
2021-02-13,Neuronation/Ingles,25,0,00:00:00
2021-02-13,Flauta,40,0,00:00:00
2021-02-13,Pesquisas,40,90,00:00:00
2021-02-13,Disciplinas,40,0,00:00:00
2021-02-13,Domesticas,10,18,00:00:00
2021-02-13,Exercicios,15,0,00:00:00
2021-02-13,Programacao,40,0,00:00:00
2021-02-13,VitaminasEtc,150,1,00:00:00
2021-02-13,Afirmacoes,150,0,00:00:00
2021-02-13,Meditacao,50,9,00:00:00
2021-02-12,Neuronation/Ingles,25,0,00:00:00
2021-02-12,Flauta,40,0,00:00:00
2021-02-12,Domesticas,10,36,00:00:00
2021-02-12,Disciplinas,40,6,00:00:00
2021-02-12,Programacao,40,0,00:00:00
2021-02-12,Exercicios,15,6,00:00:00
2021-02-12,VitaminasEtc,150,1,00:00:00
2021-02-12,Meditacao,50,2,00:00:00
2021-02-12,Afirmacoes,150,0,00:00:00
2021-02-12,Pesquisas,40,72,00:00:00
2021-02-11,Programacao,40,0,00:00:00
2021-02-11,Domesticas,10,24,00:00:00
2021-02-11,Disciplinas,40,0,00:00:00
2021-02-11,Flauta,40,0,00:00:00
2021-02-11,Exercicios,15,2,00:00:00
2021-02-11,VitaminasEtc,150,1,00:00:00
2021-02-11,Afirmacoes,150,0,00:00:00
2021-02-11,Meditacao,50,2,00:00:00
2021-02-11,Pesquisas,40,90,00:00:00
2021-02-11,Neuronation/Ingles,25,0,00:00:00
2021-02-10,Afirmacoes,150,0,00:00:00
2021-02-10,VitaminasEtc,150,1,00:00:00
2021-02-10,Flauta,40,0,00:00:00
2021-02-10,Disciplinas,40,0,00:00:00
2021-02-10,Programacao,40,24,00:00:00
2021-02-10,Pesquisas,40,60,00:00:00
2021-02-10,Neuronation/Ingles,25,0,00:00:00
2021-02-10,Domesticas,10,36,00:00:00
2021-02-10,Meditacao,50,0,00:00:00
2021-02-10,Exercicios,15,12,00:00:00
2021-02-09,Flauta,40,0,00:00:00
2021-02-09,Pesquisas,40,48,00:00:00
2021-02-09,VitaminasEtc,150,0,00:00:00
2021-02-09,Domesticas,10,36,00:00:00
2021-02-09,Programacao,40,12,00:00:00
2021-02-09,Exercicios,15,3,00:00:00
2021-02-09,Afirmacoes,150,0,00:00:00
2021-02-09,Meditacao,50,0,00:00:00
2021-02-09,Disciplinas,40,0,00:00:00
2021-02-09,Neuronation/Ingles,25,0,00:00:00
2021-02-08,Domesticas,10,48,00:00:00
2021-02-08,Flauta,40,0,00:00:00
2021-02-08,VitaminasEtc,150,1,00:00:00
2021-02-08,Neuronation/Ingles,25,0,00:00:00
2021-02-08,Pesquisas,40,48,00:00:00
2021-02-08,Exercicios,15,2,00:00:00
2021-02-08,Afirmacoes,150,0,00:00:00
2021-02-08,Programacao,40,12,00:00:00
2021-02-08,Meditacao,50,0,00:00:00
2021-02-08,Disciplinas,40,0,00:00:00
2021-02-07,Programacao,40,24,00:00:00
2021-02-07,VitaminasEtc,150,1,00:00:00
2021-02-07,Domesticas,10,24,00:00:00
2021-02-07,Afirmacoes,150,0,00:00:00
2021-02-07,Disciplinas,40,0,00:00:00
2021-02-07,Neuronation/Ingles,25,0,00:00:00
2021-02-07,Flauta,40,0,00:00:00
2021-02-07,Exercicios,15,0,00:00:00
2021-02-07,Pesquisas,40,48,00:00:00
2021-02-07,Meditacao,50,0,00:00:00
2021-02-06,Programacao,40,0,00:00:00
2021-02-06,Pesquisas,40,24,00:00:00
2021-02-06,Meditacao,50,0,00:00:00
2021-02-06,Exercicios,15,0,00:00:00
2021-02-06,Flauta,40,0,00:00:00
2021-02-06,Domesticas,10,48,00:00:00
2021-02-06,Disciplinas,40,36,00:00:00
2021-02-06,Neuronation/Ingles,25,0,00:00:00
2021-02-06,VitaminasEtc,150,1,00:00:00
2021-02-06,Afirmacoes,150,0,00:00:00
2021-02-05,Neuronation/Ingles,25,0,00:00:00
2021-02-05,VitaminasEtc,150,1,00:00:00
2021-02-05,Domesticas,10,24,00:00:00
2021-02-05,Pesquisas,40,30,00:00:00
2021-02-05,Programacao,40,0,00:00:00
2021-02-05,Disciplinas,40,64,00:00:00
2021-02-05,Afirmacoes,150,0,00:00:00
2021-02-05,Exercicios,15,0,00:00:00
2021-02-05,Flauta,40,0,00:00:00
2021-02-05,Meditacao,50,3,00:00:00
2021-02-04,Meditacao,50,12,00:00:00
2021-02-04,Afirmacoes,150,0,00:00:00
2021-02-04,VitaminasEtc,150,1,00:00:00
2021-02-04,Disciplinas,40,18,00:00:00
2021-02-04,Programacao,40,40,00:00:00
2021-02-04,Flauta,40,0,00:00:00
2021-02-04,Domesticas,10,40,00:00:00
2021-02-04,Exercicios,15,0,00:00:00
2021-02-04,Pesquisas,40,24,00:00:00
2021-02-04,Neuronation/Ingles,25,0,00:00:00
2021-02-03,Afirmacoes,150,0,00:00:00
2021-02-03,VitaminasEtc,150,1,00:00:00
2021-02-03,Domesticas,10,24,00:00:00
2021-02-03,Pesquisas,40,56,00:00:00
2021-02-03,Meditacao,50,5,00:00:00
2021-02-03,Neuronation/Ingles,25,0,00:00:00
2021-02-03,Disciplinas,40,36,00:00:00
2021-02-03,Flauta,40,0,00:00:00
2021-02-03,Programacao,40,0,00:00:00
2021-02-03,Exercicios,15,0,00:00:00
2021-02-02,Domesticas,10,24,00:00:00
2021-02-02,VitaminasEtc,150,1,00:00:00
2021-02-02,Programacao,40,0,00:00:00
2021-02-02,Flauta,40,0,00:00:00
2021-02-02,Afirmacoes,150,0,00:00:00
2021-02-02,Exercicios,15,2,00:00:00
2021-02-02,Neuronation/Ingles,25,0,00:00:00
2021-02-02,Meditacao,50,0,00:00:00
2021-02-02,Disciplinas,40,50,00:00:00
2021-02-02,Pesquisas,40,36,00:00:00
2021-02-01,Pesquisas,40,24,00:00:00
2021-02-01,VitaminasEtc,150,1,00:00:00
2021-02-01,Afirmacoes,150,0,00:00:00
2021-02-01,Neuronation/Ingles,25,0,00:00:00
2021-02-01,Domesticas,10,48,00:00:00
2021-02-01,Disciplinas,40,40,00:00:00
2021-02-01,Meditacao,50,4,00:00:00
2021-02-01,Exercicios,15,0,00:00:00
2021-02-01,Programacao,40,12,00:00:00
2021-02-01,Flauta,40,0,00:00:00
2021-01-31,Exercicios,15,0,00:00:00
2021-01-31,Neuronation/Ingles,25,0,00:00:00
2021-01-31,Flauta,40,0,00:00:00
2021-01-31,Programacao,40,6,00:00:00
2021-01-31,Pesquisas,40,80,00:00:00
2021-01-31,Afirmacoes,150,0,00:00:00
2021-01-31,VitaminasEtc,150,1,00:00:00
2021-01-31,Domesticas,10,30,00:00:00
2021-01-31,Disciplinas,40,0,00:00:00
2021-01-31,Meditacao,50,4,00:00:00
2021-01-30,Pesquisas,40,96,00:00:00
2021-01-30,Exercicios,15,0,00:00:00
2021-01-30,Disciplinas,40,0,00:00:00
2021-01-30,Afirmacoes,150,0,00:00:00
2021-01-30,Programacao,40,0,00:00:00
2021-01-30,VitaminasEtc,150,1,00:00:00
2021-01-30,Flauta,40,0,00:00:00
2021-01-30,Neuronation/Ingles,25,0,00:00:00
2021-01-30,Domesticas,10,24,00:00:00
2021-01-30,Meditacao,50,0,00:00:00
2021-01-29,Afirmacoes,150,0,00:00:00
2021-01-29,VitaminasEtc,150,1,00:00:00
2021-01-29,Programacao,40,0,00:00:00
2021-01-29,Neuronation/Ingles,25,0,00:00:00
2021-01-29,Exercicios,15,20,00:00:00
2021-01-29,Domesticas,10,36,00:00:00
2021-01-29,Pesquisas,40,72,00:00:00
2021-01-29,Meditacao,50,0,00:00:00
2021-01-29,Disciplinas,40,20,00:00:00
2021-01-29,Flauta,40,0,00:00:00
2021-01-28,Neuronation/Ingles,25,0,00:00:00
2021-01-28,VitaminasEtc,150,1,00:00:00
2021-01-28,Programacao,40,7,00:00:00
2021-01-28,Disciplinas,40,0,00:00:00
2021-01-28,Meditacao,50,3,00:00:00
2021-01-28,Flauta,40,0,00:00:00
2021-01-28,Afirmacoes,150,0,00:00:00
2021-01-28,Pesquisas,40,24,00:00:00
2021-01-28,Domesticas,10,48,00:00:00
2021-01-28,Exercicios,15,20,00:00:00
2021-01-27,Programacao,40,24,00:00:00
2021-01-27,Afirmacoes,150,0,00:00:00
2021-01-27,Disciplinas,40,0,00:00:00
2021-01-27,Neuronation/Ingles,25,0,00:00:00
2021-01-27,Flauta,40,0,00:00:00
2021-01-27,Meditacao,50,4,00:00:00
2021-01-27,Domesticas,10,40,00:00:00
2021-01-27,Pesquisas,40,48,00:00:00
2021-01-27,VitaminasEtc,150,1,00:00:00
2021-01-27,Exercicios,15,0,00:00:00
2021-01-26,VitaminasEtc,150,1,00:00:00
2021-01-26,Domesticas,10,18,00:00:00
2021-01-26,Meditacao,50,4,00:00:00
2021-01-26,Flauta,40,0,00:00:00
2021-01-26,Pesquisas,40,35,00:00:00
2021-01-26,Programacao,40,12,00:00:00
2021-01-26,Exercicios,15,0,00:00:00
2021-01-26,Disciplinas,40,40,00:00:00
2021-01-26,Afirmacoes,150,0,00:00:00
2021-01-26,Neuronation/Ingles,25,0,00:00:00
2021-01-25,Exercicios,15,15,00:00:00
2021-01-25,Afirmacoes,150,0,00:00:00
2021-01-25,Disciplinas,40,36,00:00:00
2021-01-25,Meditacao,50,0,00:00:00
2021-01-25,Flauta,40,0,00:00:00
2021-01-25,Domesticas,10,12,00:00:00
2021-01-25,VitaminasEtc,150,1,00:00:00
2021-01-25,Programacao,40,5,00:00:00
2021-01-25,Neuronation/Ingles,25,0,00:00:00
2021-01-25,Pesquisas,40,2,00:00:00
2021-01-24,Flauta,40,0,00:00:00
2021-01-24,Domesticas,10,50,00:00:00
2021-01-24,Pesquisas,40,5,00:00:00
2021-01-24,VitaminasEtc,150,1,00:00:00
2021-01-24,Exercicios,15,0,00:00:00
2021-01-24,Disciplinas,40,70,00:00:00
2021-01-24,Programacao,40,3,00:00:00
2021-01-24,Neuronation/Ingles,25,0,00:00:00
2021-01-24,Meditacao,50,6,00:00:00
2021-01-24,Afirmacoes,150,0,00:00:00
2021-01-23,Flauta,40,0,00:00:00
2021-01-23,Pesquisas,40,12,00:00:00
2021-01-23,Domesticas,10,28,00:00:00
2021-01-23,Disciplinas,40,12,00:00:00
2021-01-23,Exercicios,15,15,00:00:00
2021-01-23,Meditacao,50,0,00:00:00
2021-01-23,Neuronation/Ingles,25,0,00:00:00
2021-01-23,Afirmacoes,150,0,00:00:00
2021-01-23,Programacao,40,0,00:00:00
2021-01-23,VitaminasEtc,150,1,00:00:00
2021-01-22,Afirmacoes,150,0,00:00:00
2021-01-22,Pesquisas,40,45,00:00:00
2021-01-22,Exercicios,15,0,00:00:00
2021-01-22,Domesticas,10,30,00:00:00
2021-01-22,Flauta,40,0,00:00:00
2021-01-22,Programacao,40,18,00:00:00
2021-01-22,VitaminasEtc,150,1,00:00:00
2021-01-22,Meditacao,50,0,00:00:00
2021-01-22,Disciplinas,40,18,00:00:00
2021-01-22,Neuronation/Ingles,25,0,00:00:00
2021-01-21,Programacao,40,4,00:00:00
2021-01-21,Disciplinas,40,0,00:00:00
2021-01-21,Domesticas,10,24,00:00:00
2021-01-21,Flauta,40,0,00:00:00
2021-01-21,VitaminasEtc,150,1,00:00:00
2021-01-21,Exercicios,15,15,00:00:00
2021-01-21,Pesquisas,40,65,00:00:00
2021-01-21,Afirmacoes,150,0,00:00:00
2021-01-21,Meditacao,50,6,00:00:00
2021-01-21,Neuronation/Ingles,25,0,00:00:00
2021-01-20,Flauta,40,0,00:00:00
2021-01-20,VitaminasEtc,150,1,00:00:00
2021-01-20,Neuronation/Ingles,25,0,00:00:00
2021-01-20,Domesticas,10,18,00:00:00
2021-01-20,Pesquisas,40,85,00:00:00
2021-01-20,Disciplinas,40,0,00:00:00
2021-01-20,Afirmacoes,150,0,00:00:00
2021-01-20,Programacao,40,6,00:00:00
2021-01-20,Meditacao,50,3,00:00:00
2021-01-20,Exercicios,15,20,00:00:00
2021-01-19,Afirmacoes,150,0,00:00:00
2021-01-19,VitaminasEtc,150,1,00:00:00
2021-01-19,Neuronation/Ingles,25,0,00:00:00
2021-01-19,Domesticas,10,48,00:00:00
2021-01-19,Flauta,40,0,00:00:00
2021-01-19,Programacao,40,8,00:00:00
2021-01-19,Exercicios,15,10,00:00:00
2021-01-19,Meditacao,50,4,00:00:00
2021-01-19,Pesquisas,40,36,00:00:00
2021-01-19,Disciplinas,40,0,00:00:00
2021-01-18,Flauta,40,0,00:00:00
2021-01-18,Meditacao,50,6,00:00:00
2021-01-18,Programacao,40,6,00:00:00
2021-01-18,Afirmacoes,150,0,00:00:00
2021-01-18,Pesquisas,40,48,00:00:00
2021-01-18,Domesticas,10,18,00:00:00
2021-01-18,Disciplinas,40,0,00:00:00
2021-01-18,Neuronation/Ingles,25,0,00:00:00
2021-01-18,VitaminasEtc,150,1,00:00:00
2021-01-18,Exercicios,15,0,00:00:00
2021-01-17,Neuronation/Ingles,25,0,00:00:00
2021-01-17,Programacao,40,9,00:00:00
2021-01-17,Pesquisas,40,96,00:00:00
2021-01-17,Domesticas,10,18,00:00:00
2021-01-17,Exercicios,15,0,00:00:00
2021-01-17,Meditacao,50,7,00:00:00
2021-01-17,Flauta,40,0,00:00:00
2021-01-17,Disciplinas,40,0,00:00:00
2021-01-17,VitaminasEtc,150,1,00:00:00
2021-01-17,Afirmacoes,150,0,00:00:00
2021-01-16,Flauta,40,0,00:00:00
2021-01-16,Neuronation/Ingles,25,0,00:00:00
2021-01-16,Afirmacoes,150,0,00:00:00
2021-01-16,Pesquisas,40,55,00:00:00
2021-01-16,Exercicios,15,20,00:00:00
2021-01-16,Meditacao,50,0,00:00:00
2021-01-16,Domesticas,10,18,00:00:00
2021-01-16,Programacao,40,8,00:00:00
2021-01-16,VitaminasEtc,150,1,00:00:00
2021-01-16,Disciplinas,40,0,00:00:00
2021-01-15,Programacao,40,0,00:00:00
2021-01-15,VitaminasEtc,150,1,00:00:00
2021-01-15,Exercicios,15,0,00:00:00
2021-01-15,Afirmacoes,150,0,00:00:00
2021-01-15,Pesquisas,40,48,00:00:00
2021-01-15,Flauta,40,0,00:00:00
2021-01-15,Neuronation/Ingles,25,0,00:00:00
2021-01-15,Domesticas,10,24,00:00:00
2021-01-15,Disciplinas,40,50,00:00:00
2021-01-15,Meditacao,50,0,00:00:00
2021-01-14,Flauta,40,0,00:00:00
2021-01-14,Exercicios,15,33,00:00:00
2021-01-14,Domesticas,10,50,00:00:00
2021-01-14,Afirmacoes,150,0,00:00:00
2021-01-14,VitaminasEtc,150,1,00:00:00
2021-01-14,Disciplinas,40,28,00:00:00
2021-01-14,Pesquisas,40,50,00:00:00
2021-01-14,Neuronation/Ingles,25,0,00:00:00
2021-01-14,Meditacao,50,4,00:00:00
2021-01-14,Programacao,40,2,00:00:00
2021-01-13,Neuronation/Ingles,25,0,00:00:00
2021-01-13,Pesquisas,40,0,00:00:00
2021-01-13,Programacao,40,40,00:00:00
2021-01-13,VitaminasEtc,150,1,00:00:00
2021-01-13,Disciplinas,40,48,00:00:00
2021-01-13,Flauta,40,0,00:00:00
2021-01-13,Afirmacoes,150,0,00:00:00
2021-01-13,Domesticas,10,36,00:00:00
2021-01-13,Meditacao,50,4,00:00:00
2021-01-13,Exercicios,15,4,00:00:00
2021-01-12,Neuronation/Ingles,25,0,00:00:00
2021-01-12,Domesticas,10,16,00:00:00
2021-01-12,Programacao,40,0,00:00:00
2021-01-12,Flauta,40,0,00:00:00
2021-01-12,Meditacao,50,6,00:00:00
2021-01-12,VitaminasEtc,150,1,00:00:00
2021-01-12,Disciplinas,40,42,00:00:00
2021-01-12,Exercicios,15,10,00:00:00
2021-01-12,Pesquisas,40,50,00:00:00
2021-01-12,Afirmacoes,150,0,00:00:00
2021-01-11,Exercicios,15,0,00:00:00
2021-01-11,Pesquisas,40,24,00:00:00
2021-01-11,Afirmacoes,150,0,00:00:00
2021-01-11,Disciplinas,40,0,00:00:00
2021-01-11,Meditacao,50,6,00:00:00
2021-01-11,Programacao,40,0,00:00:00
2021-01-11,Flauta,40,0,00:00:00
2021-01-11,VitaminasEtc,150,1,00:00:00
2021-01-11,Neuronation/Ingles,25,0,00:00:00
2021-01-11,Domesticas,10,36,00:00:00
2021-01-10,Pesquisas,40,24,00:00:00
2021-01-10,Disciplinas,40,0,00:00:00
2021-01-10,Domesticas,10,24,00:00:00
2021-01-10,Afirmacoes,150,0,00:00:00
2021-01-10,Flauta,40,0,00:00:00
2021-01-10,Programacao,40,0,00:00:00
2021-01-10,Neuronation/Ingles,25,0,00:00:00
2021-01-10,VitaminasEtc,150,1,00:00:00
2021-01-10,Meditacao,50,3,00:00:00
2021-01-10,Exercicios,15,20,00:00:00
2021-01-09,Neuronation/Ingles,25,0,00:00:00
2021-01-09,Domesticas,10,24,00:00:00
2021-01-09,Disciplinas,40,0,00:00:00
2021-01-09,Flauta,40,0,00:00:00
2021-01-09,Pesquisas,40,24,00:00:00
2021-01-09,Afirmacoes,150,0,00:00:00
2021-01-09,Meditacao,50,2,00:00:00
2021-01-09,Exercicios,15,25,00:00:00
2021-01-09,Programacao,40,0,00:00:00
2021-01-09,VitaminasEtc,150,1,00:00:00
2021-01-08,Afirmacoes,150,0,00:00:00
2021-01-08,Disciplinas,40,40,00:00:00
2021-01-08,Neuronation/Ingles,25,0,00:00:00
2021-01-08,Exercicios,15,8,00:00:00
2021-01-08,Meditacao,50,2,00:00:00
2021-01-08,Pesquisas,40,24,00:00:00
2021-01-08,Domesticas,10,30,00:00:00
2021-01-08,Flauta,40,0,00:00:00
2021-01-08,VitaminasEtc,150,1,00:00:00
2021-01-08,Programacao,40,0,00:00:00
2021-01-07,Neuronation/Ingles,25,0,00:00:00
2021-01-07,VitaminasEtc,150,1,00:00:00
2021-01-07,Domesticas,10,30,00:00:00
2021-01-07,Flauta,40,0,00:00:00
2021-01-07,Meditacao,50,4,00:00:00
2021-01-07,Disciplinas,40,0,00:00:00
2021-01-07,Pesquisas,40,42,00:00:00
2021-01-07,Programacao,40,0,00:00:00
2021-01-07,Afirmacoes,150,0,00:00:00
2021-01-07,Exercicios,15,20,00:00:00
2021-01-06,Programacao,40,0,00:00:00
2021-01-06,VitaminasEtc,150,1,00:00:00
2021-01-06,Domesticas,10,40,00:00:00
2021-01-06,Neuronation/Ingles,25,0,00:00:00
2021-01-06,Afirmacoes,150,0,00:00:00
2021-01-06,Meditacao,50,3,00:00:00
2021-01-06,Flauta,40,0,00:00:00
2021-01-06,Pesquisas,40,63,00:00:00
2021-01-06,Disciplinas,40,0,00:00:00
2021-01-06,Exercicios,15,0,00:00:00
2021-01-05,Afirmacoes,150,0,00:00:00
2021-01-05,VitaminasEtc,150,0,00:00:00
2021-01-05,Disciplinas,40,0,00:00:00
2021-01-05,Domesticas,10,200,00:00:00
2021-01-05,Flauta,40,0,00:00:00
2021-01-05,Meditacao,50,0,00:00:00
2021-01-05,Programacao,40,0,00:00:00
2021-01-05,Neuronation/Ingles,25,0,00:00:00
2021-01-05,Pesquisas,40,0,00:00:00
2021-01-05,Exercicios,15,0,00:00:00
2021-01-04,Meditacao,50,0,00:00:00
2021-01-04,Exercicios,15,0,00:00:00
2021-01-04,Programacao,40,0,00:00:00
2021-01-04,Disciplinas,40,0,00:00:00
2021-01-04,Pesquisas,40,0,00:00:00
2021-01-04,Afirmacoes,150,0,00:00:00
2021-01-04,Flauta,40,0,00:00:00
2021-01-04,Neuronation/Ingles,25,0,00:00:00
2021-01-04,VitaminasEtc,150,0,00:00:00
2021-01-04,Domesticas,10,200,00:00:00
2021-01-03,VitaminasEtc,150,0,00:00:00
2021-01-03,Programacao,40,0,00:00:00
2021-01-03,Disciplinas,40,0,00:00:00
2021-01-03,Neuronation/Ingles,25,0,00:00:00
2021-01-03,Domesticas,10,36,00:00:00
2021-01-03,Meditacao,50,4,00:00:00
2021-01-03,Pesquisas,40,18,00:00:00
2021-01-03,Flauta,40,0,00:00:00
2021-01-03,Afirmacoes,150,0,00:00:00
2021-01-03,Exercicios,15,25,00:00:00
2021-01-02,Disciplinas,40,0,00:00:00
2021-01-02,Domesticas,10,12,00:00:00
2021-01-02,Exercicios,15,10,00:00:00
2021-01-02,VitaminasEtc,150,0,00:00:00
2021-01-02,Afirmacoes,150,0,00:00:00
2021-01-02,Neuronation/Ingles,25,0,00:00:00
2021-01-02,Programacao,40,0,00:00:00
2021-01-02,Pesquisas,40,3,00:00:00
2021-01-02,Flauta,40,0,00:00:00
2021-01-02,Meditacao,50,0,00:00:00
2021-01-01,VitaminasEtc,150,0,00:00:00
2021-01-01,Flauta,40,0,00:00:00
2021-01-01,Neuronation/Ingles,25,0,00:00:00
2021-01-01,Domesticas,10,12,00:00:00
2021-01-01,Disciplinas,40,0,00:00:00
2021-01-01,Exercicios,15,20,00:00:00
2021-01-01,Pesquisas,40,12,00:00:00
2021-01-01,Programacao,40,0,00:00:00
2021-01-01,Afirmacoes,150,0,00:00:00
2021-01-01,Meditacao,50,3,00:00:00
2020-12-31,Disciplinas,40,0,00:00:00
2020-12-31,Neuronation/Ingles,25,0,00:00:00
2020-12-31,Afirmacoes,150,0,00:00:00
2020-12-31,VitaminasEtc,150,2,00:00:00
2020-12-31,Flauta,40,0,00:00:00
2020-12-31,Exercicios,15,0,00:00:00
2020-12-31,Domesticas,10,36,00:00:00
2020-12-31,Pesquisas,40,24,00:00:00
2020-12-31,Meditacao,50,0,00:00:00
2020-12-31,Programacao,40,0,00:00:00
2020-12-30,Flauta,40,0,00:00:00
2020-12-30,Pesquisas,40,24,00:00:00
2020-12-30,Neuronation/Ingles,25,0,00:00:00
2020-12-30,Meditacao,50,0,00:00:00
2020-12-30,VitaminasEtc,150,1,00:00:00
2020-12-30,Domesticas,10,24,00:00:00
2020-12-30,Programacao,40,0,00:00:00
2020-12-30,Disciplinas,40,0,00:00:00
2020-12-30,Afirmacoes,150,0,00:00:00
2020-12-30,Exercicios,15,0,00:00:00
2020-12-29,Exercicios,15,0,00:00:00
2020-12-29,Pesquisas,40,36,00:00:00
2020-12-29,Afirmacoes,150,0,00:00:00
2020-12-29,Programacao,40,0,00:00:00
2020-12-29,Domesticas,10,24,00:00:00
2020-12-29,Neuronation/Ingles,25,0,00:00:00
2020-12-29,Flauta,40,0,00:00:00
2020-12-29,Meditacao,50,7,00:00:00
2020-12-29,VitaminasEtc,150,1,00:00:00
2020-12-29,Disciplinas,40,0,00:00:00
2020-12-28,Disciplinas,40,0,00:00:00
2020-12-28,Meditacao,50,6,00:00:00
2020-12-28,Programacao,40,0,00:00:00
2020-12-28,Afirmacoes,150,0,00:00:00
2020-12-28,Neuronation/Ingles,25,0,00:00:00
2020-12-28,Flauta,40,0,00:00:00
2020-12-28,Pesquisas,40,72,00:00:00
2020-12-28,Domesticas,10,18,00:00:00
2020-12-28,Exercicios,15,25,00:00:00
2020-12-28,VitaminasEtc,150,1,00:00:00
2020-12-27,Afirmacoes,150,0,00:00:00
2020-12-27,Disciplinas,40,0,00:00:00
2020-12-27,Programacao,40,0,00:00:00
2020-12-27,Pesquisas,40,36,00:00:00
2020-12-27,Meditacao,50,5,00:00:00
2020-12-27,Exercicios,15,0,00:00:00
2020-12-27,Flauta,40,0,00:00:00
2020-12-27,Neuronation/Ingles,25,0,00:00:00
2020-12-27,Domesticas,10,18,00:00:00
2020-12-27,VitaminasEtc,150,1,00:00:00
2020-12-26,Flauta,40,0,00:00:00
2020-12-26,Meditacao,50,4,00:00:00
2020-12-26,Programacao,40,0,00:00:00
2020-12-26,VitaminasEtc,150,1,00:00:00
2020-12-26,Afirmacoes,150,0,00:00:00
2020-12-26,Neuronation/Ingles,25,0,00:00:00
2020-12-26,Exercicios,15,0,00:00:00
2020-12-26,Domesticas,10,8,00:00:00
2020-12-26,Pesquisas,40,66,00:00:00
2020-12-26,Disciplinas,40,0,00:00:00
2020-12-25,Programacao,40,0,00:00:00
2020-12-25,Domesticas,10,18,00:00:00
2020-12-25,Disciplinas,40,0,00:00:00
2020-12-25,Afirmacoes,150,0,00:00:00
2020-12-25,Exercicios,15,20,00:00:00
2020-12-25,Meditacao,50,6,00:00:00
2020-12-25,Pesquisas,40,40,00:00:00
2020-12-25,Flauta,40,0,00:00:00
2020-12-25,VitaminasEtc,150,1,00:00:00
2020-12-25,Neuronation/Ingles,25,0,00:00:00
2020-12-24,Programacao,40,0,00:00:00
2020-12-24,Domesticas,10,24,00:00:00
2020-12-24,VitaminasEtc,150,1,00:00:00
2020-12-24,Disciplinas,40,0,00:00:00
2020-12-24,Afirmacoes,150,0,00:00:00
2020-12-24,Neuronation/Ingles,25,0,00:00:00
2020-12-24,Flauta,40,0,00:00:00
2020-12-24,Meditacao,50,6,00:00:00
2020-12-24,Pesquisas,40,48,00:00:00
2020-12-24,Exercicios,15,0,00:00:00
2020-12-23,Neuronation/Ingles,25,0,00:00:00
2020-12-23,Pesquisas,40,48,00:00:00
2020-12-23,Afirmacoes,150,0,00:00:00
2020-12-23,Programacao,40,0,00:00:00
2020-12-23,VitaminasEtc,150,1,00:00:00
2020-12-23,Domesticas,10,12,00:00:00
2020-12-23,Meditacao,50,6,00:00:00
2020-12-23,Exercicios,15,20,00:00:00
2020-12-23,Flauta,40,0,00:00:00
2020-12-23,Disciplinas,40,0,00:00:00
2020-12-22,Meditacao,50,6,00:00:00
2020-12-22,Disciplinas,40,0,00:00:00
2020-12-22,VitaminasEtc,150,1,00:00:00
2020-12-22,Exercicios,15,20,00:00:00
2020-12-22,Domesticas,10,12,00:00:00
2020-12-22,Programacao,40,0,00:00:00
2020-12-22,Pesquisas,40,60,00:00:00
2020-12-22,Flauta,40,3,00:00:00
2020-12-22,Afirmacoes,150,0,00:00:00
2020-12-22,Neuronation/Ingles,25,5,00:00:00
2020-12-21,Disciplinas,40,0,00:00:00
2020-12-21,Afirmacoes,150,0,00:00:00
2020-12-21,Flauta,40,0,00:00:00
2020-12-21,Meditacao,50,0,00:00:00
2020-12-21,VitaminasEtc,150,0,00:00:00
2020-12-21,Pesquisas,40,24,00:00:00
2020-12-21,Programacao,40,0,00:00:00
2020-12-21,Domesticas,10,12,00:00:00
2020-12-21,Exercicios,15,20,00:00:00
2020-12-21,Neuronation/Ingles,25,0,00:00:00
2020-12-20,Afirmacoes,150,0,00:00:00
2020-12-20,Flauta,40,0,00:00:00
2020-12-20,Exercicios,15,0,00:00:00
2020-12-20,Programacao,40,0,00:00:00
2020-12-20,Meditacao,50,5,00:00:00
2020-12-20,Pesquisas,40,8,00:00:00
2020-12-20,VitaminasEtc,150,2,00:00:00
2020-12-20,Neuronation/Ingles,25,0,00:00:00
2020-12-20,Disciplinas,40,0,00:00:00
2020-12-20,Domesticas,10,12,00:00:00
2020-12-19,Domesticas,10,12,00:00:00
2020-12-19,Afirmacoes,150,0,00:00:00
2020-12-19,Flauta,40,0,00:00:00
2020-12-19,Neuronation/Ingles,25,0,00:00:00
2020-12-19,Disciplinas,40,0,00:00:00
2020-12-19,Exercicios,15,33,00:00:00
2020-12-19,Programacao,40,0,00:00:00
2020-12-19,Pesquisas,40,24,00:00:00
2020-12-19,VitaminasEtc,150,1,00:00:00
2020-12-19,Meditacao,50,8,00:00:00
2020-12-18,Neuronation/Ingles,25,0,00:00:00
2020-12-18,Afirmacoes,150,0,00:00:00
2020-12-18,Flauta,40,0,00:00:00
2020-12-18,Domesticas,10,8,00:00:00
2020-12-18,VitaminasEtc,150,1,00:00:00
2020-12-18,Exercicios,15,0,00:00:00
2020-12-18,Pesquisas,40,24,00:00:00
2020-12-18,Programacao,40,0,00:00:00
2020-12-18,Disciplinas,40,36,00:00:00
2020-12-18,Meditacao,50,0,00:00:00
2020-12-17,Disciplinas,40,0,00:00:00
2020-12-17,Meditacao,50,5,00:00:00
2020-12-17,Pesquisas,40,30,00:00:00
2020-12-17,Exercicios,15,0,00:00:00
2020-12-17,Programacao,40,0,00:00:00
2020-12-17,Flauta,40,0,00:00:00
2020-12-17,VitaminasEtc,150,1,00:00:00
2020-12-17,Afirmacoes,150,0,00:00:00
2020-12-17,Neuronation/Ingles,25,0,00:00:00
2020-12-17,Domesticas,10,12,00:00:00
2020-12-16,Flauta,40,0,00:00:00
2020-12-16,Neuronation/Ingles,25,0,00:00:00
2020-12-16,Domesticas,10,6,00:00:00
2020-12-16,Disciplinas,40,0,00:00:00
2020-12-16,Pesquisas,40,29,00:00:00
2020-12-16,Meditacao,50,0,00:00:00
2020-12-16,Programacao,40,0,00:00:00
2020-12-16,VitaminasEtc,150,0,00:00:00
2020-12-16,Afirmacoes,150,0,00:00:00
2020-12-16,Exercicios,15,20,00:00:00
2020-12-15,Pesquisas,40,0,00:00:00
2020-12-15,Flauta,40,3,00:00:00
2020-12-15,Afirmacoes,150,0,00:00:00
2020-12-15,Meditacao,50,8,00:00:00
2020-12-15,Exercicios,15,8,00:00:00
2020-12-15,Domesticas,10,12,00:00:00
2020-12-15,Disciplinas,40,60,00:00:00
2020-12-15,VitaminasEtc,150,1,00:00:00
2020-12-15,Neuronation/Ingles,25,0,00:00:00
2020-12-15,Programacao,40,0,00:00:00
2020-12-14,Disciplinas,40,48,00:00:00
2020-12-14,Exercicios,15,12,00:00:00
2020-12-14,VitaminasEtc,150,1,00:00:00
2020-12-14,Pesquisas,40,8,00:00:00
2020-12-14,Flauta,40,2,00:00:00
2020-12-14,Domesticas,10,8,00:00:00
2020-12-14,Programacao,40,0,00:00:00
2020-12-14,Meditacao,50,9,00:00:00
2020-12-14,Neuronation/Ingles,25,0,00:00:00
2020-12-14,Afirmacoes,150,0,00:00:00
2020-12-13,Disciplinas,40,72,00:00:00
2020-12-13,Flauta,40,2,00:00:00
2020-12-13,VitaminasEtc,150,0,00:00:00
2020-12-13,Programacao,40,0,00:00:00
2020-12-13,Meditacao,50,3,00:00:00
2020-12-13,Pesquisas,40,0,00:00:00
2020-12-13,Exercicios,15,10,00:00:00
2020-12-13,Neuronation/Ingles,25,0,00:00:00
2020-12-13,Afirmacoes,150,0,00:00:00
2020-12-13,Domesticas,10,12,00:00:00
2020-12-12,Exercicios,15,6,00:00:00
2020-12-12,Domesticas,10,35,00:00:00
2020-12-12,Meditacao,50,6,00:00:00
2020-12-12,Neuronation/Ingles,25,0,00:00:00
2020-12-12,Pesquisas,40,2,00:00:00
2020-12-12,Programacao,40,0,00:00:00
2020-12-12,Flauta,40,0,00:00:00
2020-12-12,Afirmacoes,150,0,00:00:00
2020-12-12,Disciplinas,40,3,00:00:00
2020-12-12,VitaminasEtc,150,1,00:00:00
2020-12-11,VitaminasEtc,150,1,00:00:00
2020-12-11,Domesticas,10,12,00:00:00
2020-12-11,Flauta,40,0,00:00:00
2020-12-11,Meditacao,50,2,00:00:00
2020-12-11,Exercicios,15,35,00:00:00
2020-12-11,Neuronation/Ingles,25,0,00:00:00
2020-12-11,Pesquisas,40,6,00:00:00
2020-12-11,Disciplinas,40,30,00:00:00
2020-12-11,Programacao,40,0,00:00:00
2020-12-11,Afirmacoes,150,0,00:00:00
2020-12-10,Flauta,40,0,00:00:00
2020-12-10,Meditacao,50,3,00:00:00
2020-12-10,Exercicios,15,0,00:00:00
2020-12-10,Pesquisas,40,0,00:00:00
2020-12-10,VitaminasEtc,150,1,00:00:00
2020-12-10,Neuronation/Ingles,25,0,00:00:00
2020-12-10,Afirmacoes,150,0,00:00:00
2020-12-10,Domesticas,10,90,00:00:00
2020-12-10,Disciplinas,40,0,00:00:00
2020-12-10,Programacao,40,0,00:00:00
2020-12-09,VitaminasEtc,150,1,00:00:00
2020-12-09,Neuronation/Ingles,25,0,00:00:00
2020-12-09,Afirmacoes,150,0,00:00:00
2020-12-09,Pesquisas,40,0,00:00:00
2020-12-09,Domesticas,10,60,00:00:00
2020-12-09,Meditacao,50,3,00:00:00
2020-12-09,Programacao,40,0,00:00:00
2020-12-09,Exercicios,15,0,00:00:00
2020-12-09,Disciplinas,40,0,00:00:00
2020-12-09,Flauta,40,0,00:00:00
2020-12-08,Exercicios,15,15,00:00:00
2020-12-08,Programacao,40,0,00:00:00
2020-12-08,Afirmacoes,150,0,00:00:00
2020-12-08,Disciplinas,40,0,00:00:00
2020-12-08,Meditacao,50,5,00:00:00
2020-12-08,Flauta,40,0,00:00:00
2020-12-08,Domesticas,10,60,00:00:00
2020-12-08,Pesquisas,40,30,00:00:00
2020-12-08,VitaminasEtc,150,1,00:00:00
2020-12-08,Neuronation/Ingles,25,0,00:00:00
2020-12-07,Disciplinas,40,30,00:00:00
2020-12-07,Programacao,40,0,00:00:00
2020-12-07,Exercicios,15,15,00:00:00
2020-12-07,Meditacao,50,6,00:00:00
2020-12-07,Pesquisas,40,14,00:00:00
2020-12-07,Afirmacoes,150,0,00:00:00
2020-12-07,Neuronation/Ingles,25,0,00:00:00
2020-12-07,Flauta,40,3,00:00:00
2020-12-07,Domesticas,10,6,00:00:00
2020-12-07,VitaminasEtc,150,1,00:00:00
2020-12-06,Afirmacoes,150,0,00:00:00
2020-12-06,Meditacao,50,8,00:00:00
2020-12-06,Disciplinas,40,0,00:00:00
2020-12-06,Pesquisas,40,52,00:00:00
2020-12-06,Neuronation/Ingles,25,0,00:00:00
2020-12-06,Flauta,40,0,00:00:00
2020-12-06,Domesticas,10,18,00:00:00
2020-12-06,VitaminasEtc,150,1,00:00:00
2020-12-06,Exercicios,15,0,00:00:00
2020-12-06,Programacao,40,0,00:00:00
2020-12-05,Afirmacoes,150,0,00:00:00
2020-12-05,Exercicios,15,0,00:00:00
2020-12-05,Programacao,40,0,00:00:00
2020-12-05,Flauta,40,0,00:00:00
2020-12-05,Neuronation/Ingles,25,0,00:00:00
2020-12-05,Meditacao,50,6,00:00:00
2020-12-05,VitaminasEtc,150,1,00:00:00
2020-12-05,Disciplinas,40,21,00:00:00
2020-12-05,Domesticas,10,12,00:00:00
2020-12-05,Pesquisas,40,12,00:00:00
2020-12-04,Exercicios,15,12,00:00:00
2020-12-04,Disciplinas,40,30,00:00:00
2020-12-04,Domesticas,10,12,00:00:00
2020-12-04,Afirmacoes,150,0,00:00:00
2020-12-04,VitaminasEtc,150,1,00:00:00
2020-12-04,Programacao,40,0,00:00:00
2020-12-04,Neuronation/Ingles,25,0,00:00:00
2020-12-04,Flauta,40,0,00:00:00
2020-12-04,Pesquisas,40,17,00:00:00
2020-12-04,Meditacao,50,8,00:00:00
2020-12-03,Domesticas,10,18,00:00:00
2020-12-03,Flauta,40,0,00:00:00
2020-12-03,Exercicios,15,29,00:00:00
2020-12-03,Disciplinas,40,20,00:00:00
2020-12-03,VitaminasEtc,150,1,00:00:00
2020-12-03,Pesquisas,40,55,00:00:00
2020-12-03,Meditacao,50,7,00:00:00
2020-12-03,Neuronation/Ingles,25,0,00:00:00
2020-12-03,Afirmacoes,150,0,00:00:00
2020-12-03,Programacao,40,0,00:00:00
2020-12-02,Neuronation/Ingles,25,0,00:00:00
2020-12-02,Programacao,40,0,00:00:00
2020-12-02,Flauta,40,0,00:00:00
2020-12-02,VitaminasEtc,150,1,00:00:00
2020-12-02,Exercicios,15,5,00:00:00
2020-12-02,Pesquisas,40,65,00:00:00
2020-12-02,Disciplinas,40,0,00:00:00
2020-12-02,Domesticas,10,23,00:00:00
2020-12-02,Meditacao,50,6,00:00:00
2020-12-02,Afirmacoes,150,0,00:00:00
2020-12-01,Programacao,40,0,00:00:00
2020-12-01,Flauta,40,3,00:00:00
2020-12-01,Domesticas,10,24,00:00:00
2020-12-01,Neuronation/Ingles,25,0,00:00:00
2020-12-01,Exercicios,15,30,00:00:00
2020-12-01,VitaminasEtc,150,1,00:00:00
2020-12-01,Afirmacoes,150,0,00:00:00
2020-12-01,Pesquisas,40,53,00:00:00
2020-12-01,Meditacao,50,10,00:00:00
2020-12-01,Disciplinas,40,3,00:00:00
2020-11-30,Pesquisas,40,40,00:00:00
2020-11-30,Disciplinas,40,21,00:00:00
2020-11-30,Programacao,40,0,00:00:00
2020-11-30,Neuronation/Ingles,25,0,00:00:00
2020-11-30,Afirmacoes,150,0,00:00:00
2020-11-30,Meditacao,50,3,00:00:00
2020-11-30,VitaminasEtc,150,1,00:00:00
2020-11-30,Exercicios,15,12,00:00:00
2020-11-30,Flauta,40,0,00:00:00
2020-11-30,Domesticas,10,20,00:00:00
2020-11-29,VitaminasEtc,150,1,00:00:00
2020-11-29,Afirmacoes,150,0,00:00:00
2020-11-29,Domesticas,10,12,00:00:00
2020-11-29,Flauta,40,0,00:00:00
2020-11-29,Neuronation/Ingles,25,0,00:00:00
2020-11-29,Meditacao,50,4,00:00:00
2020-11-29,Disciplinas,40,0,00:00:00
2020-11-29,Pesquisas,40,24,00:00:00
2020-11-29,Programacao,40,0,00:00:00
2020-11-29,Exercicios,15,30,00:00:00
2020-11-28,Afirmacoes,150,0,00:00:00
2020-11-28,Pesquisas,40,0,00:00:00
2020-11-28,Meditacao,50,8,00:00:00
2020-11-28,Neuronation/Ingles,25,0,00:00:00
2020-11-28,Programacao,40,0,00:00:00
2020-11-28,Exercicios,15,15,00:00:00
2020-11-28,Flauta,40,0,00:00:00
2020-11-28,VitaminasEtc,150,1,00:00:00
2020-11-28,Domesticas,10,55,00:00:00
2020-11-28,Disciplinas,40,0,00:00:00
2020-11-27,Programacao,40,0,00:00:00
2020-11-27,Meditacao,50,5,00:00:00
2020-11-27,Flauta,40,3,00:00:00
2020-11-27,Domesticas,10,12,00:00:00
2020-11-27,Exercicios,15,0,00:00:00
2020-11-27,Afirmacoes,150,0,00:00:00
2020-11-27,VitaminasEtc,150,1,00:00:00
2020-11-27,Disciplinas,40,36,00:00:00
2020-11-27,Neuronation/Ingles,25,0,00:00:00
2020-11-27,Pesquisas,40,36,00:00:00
2020-11-26,Disciplinas,40,40,00:00:00
2020-11-26,Flauta,40,0,00:00:00
2020-11-26,Domesticas,10,30,00:00:00
2020-11-26,Programacao,40,0,00:00:00
2020-11-26,Afirmacoes,150,0,00:00:00
2020-11-26,Exercicios,15,25,00:00:00
2020-11-26,Pesquisas,40,6,00:00:00
2020-11-26,Neuronation/Ingles,25,0,00:00:00
2020-11-26,VitaminasEtc,150,0,00:00:00
2020-11-26,Meditacao,50,25,00:00:00
2020-11-25,Afirmacoes,150,0,00:00:00
2020-11-25,Pesquisas,40,2,00:00:00
2020-11-25,Neuronation/Ingles,25,0,00:00:00
2020-11-25,Meditacao,50,18,00:00:00
2020-11-25,VitaminasEtc,150,1,00:00:00
2020-11-25,Flauta,40,0,00:00:00
2020-11-25,Domesticas,10,30,00:00:00
2020-11-25,Programacao,40,0,00:00:00
2020-11-25,Disciplinas,40,0,00:00:00
2020-11-25,Exercicios,15,0,00:00:00
2020-11-24,Programacao,40,0,00:00:00
2020-11-24,Meditacao,50,8,00:00:00
2020-11-24,Afirmacoes,150,0,00:00:00
2020-11-24,Exercicios,15,25,00:00:00
2020-11-24,VitaminasEtc,150,1,00:00:00
2020-11-24,Disciplinas,40,36,00:00:00
2020-11-24,Neuronation/Ingles,25,0,00:00:00
2020-11-24,Domesticas,10,24,00:00:00
2020-11-24,Flauta,40,0,00:00:00
2020-11-24,Pesquisas,40,18,00:00:00
2020-11-23,Domesticas,10,24,00:00:00
2020-11-23,Pesquisas,40,18,00:00:00
2020-11-23,Disciplinas,40,45,00:00:00
2020-11-23,Programacao,40,0,00:00:00
2020-11-23,Meditacao,50,24,00:00:00
2020-11-23,Neuronation/Ingles,25,0,00:00:00
2020-11-23,Flauta,40,0,00:00:00
2020-11-23,Exercicios,15,40,00:00:00
2020-11-23,Afirmacoes,150,0,00:00:00
2020-11-23,VitaminasEtc,150,0,00:00:00
2020-11-22,VitaminasEtc,150,1,00:00:00
2020-11-22,Neuronation/Ingles,25,0,00:00:00
2020-11-22,Domesticas,10,12,00:00:00
2020-11-22,Programacao,40,0,00:00:00
2020-11-22,Flauta,40,0,00:00:00
2020-11-22,Afirmacoes,150,0,00:00:00
2020-11-22,Meditacao,50,6,00:00:00
2020-11-22,Disciplinas,40,0,00:00:00
2020-11-22,Pesquisas,40,36,00:00:00
2020-11-22,Exercicios,15,0,00:00:00
2020-11-21,Flauta,40,0,00:00:00
2020-11-21,Pesquisas,40,7,00:00:00
2020-11-21,Disciplinas,40,12,00:00:00
2020-11-21,Neuronation/Ingles,25,0,00:00:00
2020-11-21,Meditacao,50,6,00:00:00
2020-11-21,Programacao,40,0,00:00:00
2020-11-21,Afirmacoes,150,0,00:00:00
2020-11-21,VitaminasEtc,150,1,00:00:00
2020-11-21,Domesticas,10,30,00:00:00
2020-11-21,Exercicios,15,0,00:00:00
2020-11-20,Disciplinas,40,24,00:00:00
2020-11-20,Meditacao,50,3,00:00:00
2020-11-20,Programacao,40,0,00:00:00
2020-11-20,Flauta,40,0,00:00:00
2020-11-20,Domesticas,10,36,00:00:00
2020-11-20,Exercicios,15,0,00:00:00
2020-11-20,Neuronation/Ingles,25,0,00:00:00
2020-11-20,Pesquisas,40,36,00:00:00
2020-11-20,VitaminasEtc,150,1,00:00:00
2020-11-20,Afirmacoes,150,0,00:00:00
2020-11-19,Domesticas,10,18,00:00:00
2020-11-19,Disciplinas,40,0,00:00:00
2020-11-19,Pesquisas,40,48,00:00:00
2020-11-19,Programacao,40,0,00:00:00
2020-11-19,Flauta,40,0,00:00:00
2020-11-19,Exercicios,15,25,00:00:00
2020-11-19,Meditacao,50,6,00:00:00
2020-11-19,Afirmacoes,150,0,00:00:00
2020-11-19,Neuronation/Ingles,25,0,00:00:00
2020-11-19,VitaminasEtc,150,1,00:00:00
2020-11-18,VitaminasEtc,150,1,00:00:00
2020-11-18,Disciplinas,40,40,00:00:00
2020-11-18,Domesticas,10,12,00:00:00
2020-11-18,Pesquisas,40,30,00:00:00
2020-11-18,Flauta,40,0,00:00:00
2020-11-18,Programacao,40,0,00:00:00
2020-11-18,Meditacao,50,8,00:00:00
2020-11-18,Exercicios,15,0,00:00:00
2020-11-18,Afirmacoes,150,0,00:00:00
2020-11-18,Neuronation/Ingles,25,0,00:00:00
2020-11-17,Disciplinas,40,0,00:00:00
2020-11-17,Exercicios,15,10,00:00:00
2020-11-17,Programacao,40,0,00:00:00
2020-11-17,Domesticas,10,30,00:00:00
2020-11-17,Neuronation/Ingles,25,0,00:00:00
2020-11-17,VitaminasEtc,150,1,00:00:00
2020-11-17,Meditacao,50,8,00:00:00
2020-11-17,Afirmacoes,150,0,00:00:00
2020-11-17,Flauta,40,0,00:00:00
2020-11-17,Pesquisas,40,25,00:00:00
2020-11-16,VitaminasEtc,150,1,00:00:00
2020-11-16,Pesquisas,40,0,00:00:00
2020-11-16,Exercicios,15,0,00:00:00
2020-11-16,Meditacao,50,8,00:00:00
2020-11-16,Programacao,40,0,00:00:00
2020-11-16,Disciplinas,40,0,00:00:00
2020-11-16,Neuronation/Ingles,25,0,00:00:00
2020-11-16,Domesticas,10,48,00:00:00
2020-11-16,Afirmacoes,150,0,00:00:00
2020-11-16,Flauta,40,0,00:00:00
2020-11-15,Exercicios,15,0,00:00:00
2020-11-15,Neuronation/Ingles,25,0,00:00:00
2020-11-15,Pesquisas,40,0,00:00:00
2020-11-15,Meditacao,50,0,00:00:00
2020-11-15,Disciplinas,40,0,00:00:00
2020-11-15,Domesticas,10,24,00:00:00
2020-11-15,VitaminasEtc,150,1,00:00:00
2020-11-15,Flauta,40,0,00:00:00
2020-11-15,Programacao,40,0,00:00:00
2020-11-15,Afirmacoes,150,0,00:00:00
2020-11-14,Domesticas,10,14,00:00:00
2020-11-14,Flauta,40,6,00:00:00
2020-11-14,Pesquisas,40,6,00:00:00
2020-11-14,Exercicios,15,26,00:00:00
2020-11-14,Neuronation/Ingles,25,0,00:00:00
2020-11-14,Disciplinas,40,0,00:00:00
2020-11-14,Programacao,40,0,00:00:00
2020-11-14,Meditacao,50,11,00:00:00
2020-11-14,VitaminasEtc,150,0,00:00:00
2020-11-14,Afirmacoes,150,0,00:00:00
2020-11-13,Pesquisas,40,24,00:00:00
2020-11-13,Afirmacoes,150,0,00:00:00
2020-11-13,Programacao,40,0,00:00:00
2020-11-13,Domesticas,10,44,00:00:00
2020-11-13,Disciplinas,40,12,00:00:00
2020-11-13,Neuronation/Ingles,25,0,00:00:00
2020-11-13,Exercicios,15,30,00:00:00
2020-11-13,Meditacao,50,4,00:00:00
2020-11-13,VitaminasEtc,150,0,00:00:00
2020-11-13,Flauta,40,0,00:00:00
2020-11-12,Disciplinas,40,0,00:00:00
2020-11-12,VitaminasEtc,150,1,00:00:00
2020-11-12,Programacao,40,0,00:00:00
2020-11-12,Meditacao,50,6,00:00:00
2020-11-12,Exercicios,15,27,00:00:00
2020-11-12,Flauta,40,0,00:00:00
2020-11-12,Afirmacoes,150,0,00:00:00
2020-11-12,Pesquisas,40,0,00:00:00
2020-11-12,Domesticas,10,12,00:00:00
2020-11-12,Neuronation/Ingles,25,0,00:00:00
2020-11-11,VitaminasEtc,150,0,00:00:00
2020-11-11,Domesticas,10,40,00:00:00
2020-11-11,Disciplinas,40,6,00:00:00
2020-11-11,Programacao,40,0,00:00:00
2020-11-11,Neuronation/Ingles,25,0,00:00:00
2020-11-11,Exercicios,15,18,00:00:00
2020-11-11,Pesquisas,40,50,00:00:00
2020-11-11,Meditacao,50,6,00:00:00
2020-11-11,Flauta,40,0,00:00:00
2020-11-11,Afirmacoes,150,0,00:00:00
2020-11-10,VitaminasEtc,150,1,00:00:00
2020-11-10,Neuronation/Ingles,25,0,00:00:00
2020-11-10,Exercicios,15,25,00:00:00
2020-11-10,Afirmacoes,150,0,00:00:00
2020-11-10,Programacao,40,0,00:00:00
2020-11-10,Pesquisas,40,50,00:00:00
2020-11-10,Domesticas,10,10,00:00:00
2020-11-10,Flauta,40,0,00:00:00
2020-11-10,Disciplinas,40,0,00:00:00
2020-11-10,Meditacao,50,6,00:00:00
2020-11-09,Programacao,40,0,00:00:00
2020-11-09,Disciplinas,40,0,00:00:00
2020-11-09,Meditacao,50,4,00:00:00
2020-11-09,Flauta,40,0,00:00:00
2020-11-09,VitaminasEtc,150,0,00:00:00
2020-11-09,Domesticas,10,48,00:00:00
2020-11-09,Neuronation/Ingles,25,0,00:00:00
2020-11-09,Exercicios,15,0,00:00:00
2020-11-09,Afirmacoes,150,0,00:00:00
2020-11-09,Pesquisas,40,48,00:00:00
2020-11-08,Exercicios,15,30,00:00:00
2020-11-08,Programacao,40,0,00:00:00
2020-11-08,Domesticas,10,8,00:00:00
2020-11-08,VitaminasEtc,150,1,00:00:00
2020-11-08,Disciplinas,40,16,00:00:00
2020-11-08,Meditacao,50,3,00:00:00
2020-11-08,Pesquisas,40,38,00:00:00
2020-11-08,Neuronation/Ingles,25,0,00:00:00
2020-11-08,Flauta,40,0,00:00:00
2020-11-08,Afirmacoes,150,0,00:00:00
2020-11-07,VitaminasEtc,150,1,00:00:00
2020-11-07,Domesticas,10,36,00:00:00
2020-11-07,Neuronation/Ingles,25,0,00:00:00
2020-11-07,Afirmacoes,150,0,00:00:00
2020-11-07,Pesquisas,40,50,00:00:00
2020-11-07,Meditacao,50,7,00:00:00
2020-11-07,Exercicios,15,30,00:00:00
2020-11-07,Disciplinas,40,0,00:00:00
2020-11-07,Flauta,40,0,00:00:00
2020-11-07,Programacao,40,0,00:00:00
2020-11-06,Neuronation/Ingles,25,0,00:00:00
2020-11-06,VitaminasEtc,150,1,00:00:00
2020-11-06,Pesquisas,40,28,00:00:00
2020-11-06,Programacao,40,0,00:00:00
2020-11-06,Exercicios,15,35,00:00:00
2020-11-06,Flauta,40,0,00:00:00
2020-11-06,Afirmacoes,150,0,00:00:00
2020-11-06,Domesticas,10,42,00:00:00
2020-11-06,Meditacao,50,6,00:00:00
2020-11-06,Disciplinas,40,0,00:00:00
2020-11-05,Programacao,40,0,00:00:00
2020-11-05,VitaminasEtc,150,1,00:00:00
2020-11-05,Domesticas,10,40,00:00:00
2020-11-05,Exercicios,15,5,00:00:00
2020-11-05,Disciplinas,40,0,00:00:00
2020-11-05,Afirmacoes,150,0,00:00:00
2020-11-05,Pesquisas,40,42,00:00:00
2020-11-05,Flauta,40,0,00:00:00
2020-11-05,Meditacao,50,6,00:00:00
2020-11-05,Neuronation/Ingles,25,0,00:00:00
2020-11-04,Exercicios,15,20,00:00:00
2020-11-04,Meditacao,50,8,00:00:00
2020-11-04,Afirmacoes,150,0,00:00:00
2020-11-04,Domesticas,10,24,00:00:00
2020-11-04,Neuronation/Ingles,25,0,00:00:00
2020-11-04,Disciplinas,40,0,00:00:00
2020-11-04,Programacao,40,0,00:00:00
2020-11-04,VitaminasEtc,150,1,00:00:00
2020-11-04,Flauta,40,0,00:00:00
2020-11-04,Pesquisas,40,36,00:00:00
2020-11-03,Neuronation/Ingles,25,0,00:00:00
2020-11-03,Meditacao,50,9,00:00:00
2020-11-03,Pesquisas,40,30,00:00:00
2020-11-03,Afirmacoes,150,0,00:00:00
2020-11-03,Flauta,40,0,00:00:00
2020-11-03,Exercicios,15,15,00:00:00
2020-11-03,Domesticas,10,48,00:00:00
2020-11-03,VitaminasEtc,150,0,00:00:00
2020-11-03,Programacao,40,0,00:00:00
2020-11-03,Disciplinas,40,0,00:00:00
2020-11-02,Afirmacoes,150,0,00:00:00
2020-11-02,VitaminasEtc,150,1,00:00:00
2020-11-02,Meditacao,50,8,00:00:00
2020-11-02,Flauta,40,6,00:00:00
2020-11-02,Neuronation/Ingles,25,0,00:00:00
2020-11-02,Exercicios,15,15,00:00:00
2020-11-02,Disciplinas,40,0,00:00:00
2020-11-02,Programacao,40,0,00:00:00
2020-11-02,Domesticas,10,36,00:00:00
2020-11-02,Pesquisas,40,50,00:00:00
2020-11-01,Meditacao,50,0,00:00:00
2020-11-01,VitaminasEtc,150,1,00:00:00
2020-11-01,Flauta,40,0,00:00:00
2020-11-01,Programacao,40,0,00:00:00
2020-11-01,Domesticas,10,24,00:00:00
2020-11-01,Pesquisas,40,48,00:00:00
2020-11-01,Disciplinas,40,0,00:00:00
2020-11-01,Neuronation/Ingles,25,0,00:00:00
2020-11-01,Afirmacoes,150,0,00:00:00
2020-11-01,Exercicios,15,0,00:00:00
2020-10-31,Programacao,40,0,00:00:00
2020-10-31,Pesquisas,40,48,00:00:00
2020-10-31,Domesticas,10,24,00:00:00
2020-10-31,Exercicios,15,0,00:00:00
2020-10-31,Disciplinas,40,0,00:00:00
2020-10-31,Meditacao,50,12,00:00:00
2020-10-31,VitaminasEtc,150,1,00:00:00
2020-10-31,Neuronation/Ingles,25,0,00:00:00
2020-10-31,Flauta,40,0,00:00:00
2020-10-31,Afirmacoes,150,0,00:00:00
2020-10-30,Domesticas,10,30,00:00:00
2020-10-30,Meditacao,50,16,00:00:00
2020-10-30,VitaminasEtc,150,1,00:00:00
2020-10-30,Exercicios,15,24,00:00:00
2020-10-30,Programacao,40,0,00:00:00
2020-10-30,Pesquisas,40,48,00:00:00
2020-10-30,Flauta,40,0,00:00:00
2020-10-30,Neuronation/Ingles,25,0,00:00:00
2020-10-30,Disciplinas,40,0,00:00:00
2020-10-30,Afirmacoes,150,0,00:00:00
2020-10-29,Neuronation/Ingles,25,0,00:00:00
2020-10-29,Programacao,40,0,00:00:00
2020-10-29,Meditacao,50,8,00:00:00
2020-10-29,Domesticas,10,24,00:00:00
2020-10-29,Flauta,40,0,00:00:00
2020-10-29,Disciplinas,40,0,00:00:00
2020-10-29,Pesquisas,40,60,00:00:00
2020-10-29,VitaminasEtc,150,1,00:00:00
2020-10-29,Afirmacoes,150,0,00:00:00
2020-10-29,Exercicios,15,15,00:00:00
2020-10-28,Domesticas,10,36,00:00:00
2020-10-28,Pesquisas,40,40,00:00:00
2020-10-28,Exercicios,15,70,00:00:00
2020-10-28,Disciplinas,40,0,00:00:00
2020-10-28,Flauta,40,0,00:00:00
2020-10-28,Meditacao,50,8,00:00:00
2020-10-28,VitaminasEtc,150,2,00:00:00
2020-10-28,Neuronation/Ingles,25,0,00:00:00
2020-10-28,Programacao,40,0,00:00:00
2020-10-28,Afirmacoes,150,0,00:00:00
2020-10-27,VitaminasEtc,150,0,00:00:00
2020-10-27,Disciplinas,40,0,00:00:00
2020-10-27,Domesticas,10,24,00:00:00
2020-10-27,Flauta,40,0,00:00:00
2020-10-27,Pesquisas,40,30,00:00:00
2020-10-27,Exercicios,15,0,00:00:00
2020-10-27,Neuronation/Ingles,25,0,00:00:00
2020-10-27,Programacao,40,0,00:00:00
2020-10-27,Meditacao,50,4,00:00:00
2020-10-27,Afirmacoes,150,0,00:00:00
2020-10-26,Domesticas,10,24,00:00:00
2020-10-26,VitaminasEtc,150,1,00:00:00
2020-10-26,Disciplinas,40,0,00:00:00
2020-10-26,Pesquisas,40,48,00:00:00
2020-10-26,Afirmacoes,150,0,00:00:00
2020-10-26,Programacao,40,0,00:00:00
2020-10-26,Flauta,40,0,00:00:00
2020-10-26,Neuronation/Ingles,25,0,00:00:00
2020-10-26,Meditacao,50,12,00:00:00
2020-10-26,Exercicios,15,4,00:00:00
2020-10-25,Programacao,40,0,00:00:00
2020-10-25,Exercicios,15,0,00:00:00
2020-10-25,Neuronation/Ingles,25,0,00:00:00
2020-10-25,Afirmacoes,150,0,00:00:00
2020-10-25,Meditacao,50,0,00:00:00
2020-10-25,Flauta,40,0,00:00:00
2020-10-25,Pesquisas,40,65,00:00:00
2020-10-25,Disciplinas,40,0,00:00:00
2020-10-25,VitaminasEtc,150,1,00:00:00
2020-10-25,Domesticas,10,24,00:00:00
2020-10-24,VitaminasEtc,150,1,00:00:00
2020-10-24,Pesquisas,40,20,00:00:00
2020-10-24,Disciplinas,40,0,00:00:00
2020-10-24,Meditacao,50,3,00:00:00
2020-10-24,Exercicios,15,0,00:00:00
2020-10-24,Programacao,40,0,00:00:00
2020-10-24,Neuronation/Ingles,25,0,00:00:00
2020-10-24,Domesticas,10,24,00:00:00
2020-10-24,Afirmacoes,150,0,00:00:00
2020-10-24,Flauta,40,0,00:00:00
2020-10-23,Programacao,40,0,00:00:00
2020-10-23,Meditacao,50,6,00:00:00
2020-10-23,Exercicios,15,0,00:00:00
2020-10-23,Flauta,40,0,00:00:00
2020-10-23,Disciplinas,40,0,00:00:00
2020-10-23,VitaminasEtc,150,0,00:00:00
2020-10-23,Afirmacoes,150,1,00:00:00
2020-10-23,Neuronation/Ingles,25,0,00:00:00
2020-10-23,Pesquisas,40,65,00:00:00
2020-10-23,Domesticas,10,12,00:00:00
2020-10-22,Meditacao,50,3,00:00:00
2020-10-22,Exercicios,15,50,00:00:00
2020-10-22,Programacao,40,0,00:00:00
2020-10-22,Afirmacoes,150,0,00:00:00
2020-10-22,Pesquisas,40,30,00:00:00
2020-10-22,Disciplinas,40,0,00:00:00
2020-10-22,Flauta,40,0,00:00:00
2020-10-22,VitaminasEtc,150,1,00:00:00
2020-10-22,Neuronation/Ingles,25,0,00:00:00
2020-10-21,Pesquisas,40,36,00:00:00
2020-10-21,Programacao,40,0,00:00:00
2020-10-21,Meditacao,50,0,00:00:00
2020-10-21,Flauta,40,0,00:00:00
2020-10-21,Disciplinas,40,0,00:00:00
2020-10-21,Exercicios,15,0,00:00:00
2020-10-21,Afirmacoes,150,0,00:00:00
2020-10-21,Neuronation/Ingles,25,0,00:00:00
2020-10-21,VitaminasEtc,150,1,00:00:00
2020-10-20,Neuronation/Ingles,25,0,00:00:00
2020-10-20,Programacao,40,0,00:00:00
2020-10-20,Afirmacoes,150,0,00:00:00
2020-10-20,Disciplinas,40,0,00:00:00
2020-10-20,Meditacao,50,0,00:00:00
2020-10-20,Exercicios,15,0,00:00:00
2020-10-20,Flauta,40,0,00:00:00
2020-10-20,Pesquisas,40,36,00:00:00
2020-10-20,VitaminasEtc,150,0,00:00:00
2020-10-19,Pesquisas,40,54,00:00:00
2020-10-19,Disciplinas,40,0,00:00:00
2020-10-19,Flauta,40,0,00:00:00
2020-10-19,Afirmacoes,150,0,00:00:00
2020-10-19,Programacao,40,0,00:00:00
2020-10-19,Meditacao,50,3,00:00:00
2020-10-19,VitaminasEtc,150,1,00:00:00
2020-10-19,Neuronation/Ingles,25,0,00:00:00
2020-10-19,Exercicios,15,100,00:00:00
2020-10-18,VitaminasEtc,150,1,00:00:00
2020-10-18,Pesquisas,40,0,00:00:00
2020-10-18,Flauta,40,0,00:00:00
2020-10-18,Afirmacoes,150,0,00:00:00
2020-10-18,Programacao,40,0,00:00:00
2020-10-18,Disciplinas,40,0,00:00:00
2020-10-18,Neuronation/Ingles,25,0,00:00:00
2020-10-18,Meditacao,50,6,00:00:00
2020-10-18,Exercicios,15,0,00:00:00
2020-10-17,Neuronation/Ingles,25,0,00:00:00
2020-10-17,Exercicios,15,0,00:00:00
2020-10-17,Programacao,40,0,00:00:00
2020-10-17,Meditacao,50,6,00:00:00
2020-10-17,VitaminasEtc,150,0,00:00:00
2020-10-17,Disciplinas,40,0,00:00:00
2020-10-17,Flauta,40,0,00:00:00
2020-10-17,Afirmacoes,150,0,00:00:00
2020-10-17,Pesquisas,40,36,00:00:00
2020-10-16,Pesquisas,40,24,00:00:00
2020-10-16,Meditacao,50,6,00:00:00
2020-10-16,Programacao,40,0,00:00:00
2020-10-16,Flauta,40,0,00:00:00
2020-10-16,VitaminasEtc,150,2,00:00:00
2020-10-16,Disciplinas,40,0,00:00:00
2020-10-16,Exercicios,15,50,00:00:00
2020-10-16,Afirmacoes,150,0,00:00:00
2020-10-16,Neuronation/Ingles,25,0,00:00:00
2020-10-15,VitaminasEtc,150,0,00:00:00
2020-10-15,Afirmacoes,150,0,00:00:00
2020-10-15,Pesquisas,40,0,00:00:00
2020-10-15,Disciplinas,40,0,00:00:00
2020-10-15,Flauta,40,0,00:00:00
2020-10-15,Programacao,40,0,00:00:00
2020-10-15,Exercicios,15,0,00:00:00
2020-10-15,Meditacao,50,6,00:00:00
2020-10-15,Neuronation/Ingles,25,0,00:00:00
2020-10-14,Flauta,40,0,00:00:00
2020-10-14,Programacao,40,0,00:00:00
2020-10-14,Afirmacoes,150,0,00:00:00
2020-10-14,VitaminasEtc,150,1,00:00:00
2020-10-14,Exercicios,15,0,00:00:00
2020-10-14,Disciplinas,40,72,00:00:00
2020-10-14,Neuronation/Ingles,25,0,00:00:00
2020-10-14,Pesquisas,40,0,00:00:00
2020-10-14,Meditacao,50,6,00:00:00
2020-10-13,Flauta,40,0,00:00:00
2020-10-13,VitaminasEtc,150,0,00:00:00
2020-10-13,Meditacao,50,6,00:00:00
2020-10-13,Programacao,40,0,00:00:00
2020-10-13,Neuronation/Ingles,25,0,00:00:00
2020-10-13,Afirmacoes,150,0,00:00:00
2020-10-13,Pesquisas,40,0,00:00:00
2020-10-13,Disciplinas,40,30,00:00:00
2020-10-13,Exercicios,15,0,00:00:00
2020-10-12,Neuronation/Ingles,25,0,00:00:00
2020-10-12,Meditacao,50,12,00:00:00
2020-10-12,VitaminasEtc,150,1,00:00:00
2020-10-12,Disciplinas,40,0,00:00:00
2020-10-12,Pesquisas,40,0,00:00:00
2020-10-12,Flauta,40,0,00:00:00
2020-10-12,Exercicios,15,20,00:00:00
2020-10-12,Afirmacoes,150,0,00:00:00
2020-10-12,Programacao,40,0,00:00:00
2020-10-11,Neuronation/Ingles,25,0,00:00:00
2020-10-11,Afirmacoes,150,0,00:00:00
2020-10-11,Programacao,40,0,00:00:00
2020-10-11,Disciplinas,40,0,00:00:00
2020-10-11,Flauta,40,0,00:00:00
2020-10-11,Pesquisas,40,0,00:00:00
2020-10-11,Meditacao,50,12,00:00:00
2020-10-11,VitaminasEtc,150,1,00:00:00
2020-10-11,Exercicios,15,0,00:00:00
2020-10-10,Disciplinas,40,65,00:00:00
2020-10-10,Neuronation/Ingles,25,0,00:00:00
2020-10-10,Meditacao,50,0,00:00:00
2020-10-10,Pesquisas,40,0,00:00:00
2020-10-10,Flauta,40,0,00:00:00
2020-10-10,VitaminasEtc,150,1,00:00:00
2020-10-10,Afirmacoes,150,0,00:00:00
2020-10-10,Exercicios,15,0,00:00:00
2020-10-10,Programacao,40,0,00:00:00
2020-10-09,Afirmacoes,150,0,00:00:00
2020-10-09,Programacao,40,0,00:00:00
2020-10-09,Meditacao,50,8,00:00:00
2020-10-09,Disciplinas,40,0,00:00:00
2020-10-09,Exercicios,15,0,00:00:00
2020-10-09,Flauta,40,0,00:00:00
2020-10-09,VitaminasEtc,150,1,00:00:00
2020-10-09,Neuronation/Ingles,25,0,00:00:00
2020-10-09,Pesquisas,40,36,00:00:00
2020-10-08,Flauta,40,0,00:00:00
2020-10-08,Pesquisas,40,24,00:00:00
2020-10-08,Disciplinas,40,24,00:00:00
2020-10-08,Programacao,40,0,00:00:00
2020-10-08,Afirmacoes,150,0,00:00:00
2020-10-08,Exercicios,15,45,00:00:00
2020-10-08,Meditacao,50,5,00:00:00
2020-10-08,Neuronation/Ingles,25,0,00:00:00
2020-10-08,VitaminasEtc,150,1,00:00:00
2020-10-07,VitaminasEtc,150,0,00:00:00
2020-10-07,Afirmacoes,150,0,00:00:00
2020-10-07,Exercicios,15,50,00:00:00
2020-10-07,Meditacao,50,5,00:00:00
2020-10-07,Programacao,40,0,00:00:00
2020-10-07,Neuronation/Ingles,25,0,00:00:00
2020-10-07,Disciplinas,40,0,00:00:00
2020-10-07,Pesquisas,40,30,00:00:00
2020-10-07,Flauta,40,0,00:00:00
2020-10-06,Neuronation/Ingles,25,0,00:00:00
2020-10-06,Afirmacoes,150,0,00:00:00
2020-10-06,Meditacao,50,0,00:00:00
2020-10-06,Pesquisas,40,3,00:00:00
2020-10-06,Programacao,40,0,00:00:00
2020-10-06,Flauta,40,6,00:00:00
2020-10-06,Exercicios,15,50,00:00:00
2020-10-06,Disciplinas,40,60,00:00:00
2020-10-06,VitaminasEtc,150,1,00:00:00
2020-10-05,Exercicios,15,55,00:00:00
2020-10-05,Disciplinas,40,24,00:00:00
2020-10-05,Flauta,40,0,00:00:00
2020-10-05,Programacao,40,0,00:00:00
2020-10-05,Meditacao,50,6,00:00:00
2020-10-05,Neuronation/Ingles,25,0,00:00:00
2020-10-05,Afirmacoes,150,0,00:00:00
2020-10-05,Pesquisas,40,24,00:00:00
2020-10-05,VitaminasEtc,150,1,00:00:00
2020-10-04,Disciplinas,40,40,00:00:00
2020-10-04,Programacao,40,0,00:00:00
2020-10-04,Flauta,40,7,00:00:00
2020-10-04,Exercicios,15,12,00:00:00
2020-10-04,Afirmacoes,150,0,00:00:00
2020-10-04,Meditacao,50,0,00:00:00
2020-10-04,Neuronation/Ingles,25,0,00:00:00
2020-10-04,VitaminasEtc,150,1,00:00:00
2020-10-04,Pesquisas,40,18,00:00:00
2020-10-03,Programacao,40,0,00:00:00
2020-10-03,Disciplinas,40,0,00:00:00
2020-10-03,Exercicios,15,0,00:00:00
2020-10-03,Meditacao,50,0,00:00:00
2020-10-03,Pesquisas,40,2,00:00:00
2020-10-03,Neuronation/Ingles,25,0,00:00:00
2020-10-03,Flauta,40,0,00:00:00
2020-10-03,Afirmacoes,150,0,00:00:00
2020-10-03,VitaminasEtc,150,1,00:00:00
2020-10-02,Programacao,40,0,00:00:00
2020-10-02,Exercicios,15,100,00:00:00
2020-10-02,Pesquisas,40,36,00:00:00
2020-10-02,Neuronation/Ingles,25,0,00:00:00
2020-10-02,Afirmacoes,150,0,00:00:00
2020-10-02,Meditacao,50,18,00:00:00
2020-10-02,Flauta,40,0,00:00:00
2020-10-02,Disciplinas,40,0,00:00:00
2020-10-02,VitaminasEtc,150,1,00:00:00
2020-10-01,VitaminasEtc,150,1,00:00:00
2020-10-01,Pesquisas,40,0,00:00:00
2020-10-01,Afirmacoes,150,0,00:00:00
2020-10-01,Meditacao,50,12,00:00:00
2020-10-01,Programacao,40,0,00:00:00
2020-10-01,Neuronation/Ingles,25,0,00:00:00
2020-10-01,Exercicios,15,48,00:00:00
2020-10-01,Disciplinas,40,55,00:00:00
2020-10-01,Flauta,40,0,00:00:00
2020-09-30,Exercicios,15,0,00:00:00
2020-09-30,Flauta,40,0,00:00:00
2020-09-30,VitaminasEtc,150,1,00:00:00
2020-09-30,Pesquisas,40,24,00:00:00
2020-09-30,Disciplinas,40,12,00:00:00
2020-09-30,Programacao,40,0,00:00:00
2020-09-30,Neuronation/Ingles,25,0,00:00:00
2020-09-30,Afirmacoes,150,0,00:00:00
2020-09-30,Meditacao,50,12,00:00:00
2020-09-29,Flauta,40,0,00:00:00
2020-09-29,Pesquisas,40,0,00:00:00
2020-09-29,Afirmacoes,150,0,00:00:00
2020-09-29,Neuronation/Ingles,25,0,00:00:00
2020-09-29,Programacao,40,0,00:00:00
2020-09-29,Meditacao,50,24,00:00:00
2020-09-29,VitaminasEtc,150,1,00:00:00
2020-09-29,Exercicios,15,0,00:00:00
2020-09-29,Disciplinas,40,56,00:00:00
2020-09-28,Disciplinas,40,48,00:00:00
2020-09-28,Exercicios,15,50,00:00:00
2020-09-28,Neuronation/Ingles,25,0,00:00:00
2020-09-28,Programacao,40,0,00:00:00
2020-09-28,Flauta,40,0,00:00:00
2020-09-28,VitaminasEtc,150,1,00:00:00
2020-09-28,Pesquisas,40,0,00:00:00
2020-09-28,Afirmacoes,150,0,00:00:00
2020-09-28,Meditacao,50,36,00:00:00
2020-09-27,Meditacao,50,6,00:00:00
2020-09-27,Neuronation/Ingles,25,0,00:00:00
2020-09-27,Exercicios,15,0,00:00:00
2020-09-27,VitaminasEtc,150,1,00:00:00
2020-09-27,Programacao,40,0,00:00:00
2020-09-27,Pesquisas,40,24,00:00:00
2020-09-27,Disciplinas,40,0,00:00:00
2020-09-27,Afirmacoes,150,0,00:00:00
2020-09-27,Flauta,40,0,00:00:00
2020-09-26,Exercicios,15,50,00:00:00
2020-09-26,Pesquisas,40,0,00:00:00
2020-09-26,Flauta,40,4,00:00:00
2020-09-26,Disciplinas,40,50,00:00:00
2020-09-26,Afirmacoes,150,0,00:00:00
2020-09-26,Programacao,40,0,00:00:00
2020-09-26,Meditacao,50,9,00:00:00
2020-09-26,Neuronation/Ingles,25,0,00:00:00
2020-09-26,VitaminasEtc,150,1,00:00:00
2020-09-25,Exercicios,15,100,00:00:00
2020-09-25,Programacao,40,0,00:00:00
2020-09-25,Pesquisas,40,0,00:00:00
2020-09-25,Meditacao,50,0,00:00:00
2020-09-25,Afirmacoes,150,0,00:00:00
2020-09-25,Disciplinas,40,48,00:00:00
2020-09-25,Neuronation/Ingles,25,0,00:00:00
2020-09-25,Flauta,40,0,00:00:00
2020-09-25,VitaminasEtc,150,1,00:00:00
2020-09-24,Afirmacoes,150,0,00:00:00
2020-09-24,Meditacao,50,0,00:00:00
2020-09-24,Disciplinas,40,75,00:00:00
2020-09-24,Programacao,40,0,00:00:00
2020-09-24,VitaminasEtc,150,1,00:00:00
2020-09-24,Neuronation/Ingles,25,0,00:00:00
2020-09-24,Exercicios,15,0,00:00:00
2020-09-24,Flauta,40,0,00:00:00
2020-09-24,Pesquisas,40,0,00:00:00
2020-09-23,Neuronation/Ingles,25,0,00:00:00
2020-09-23,Exercicios,15,0,00:00:00
2020-09-23,VitaminasEtc,150,1,00:00:00
2020-09-23,Disciplinas,40,60,00:00:00
2020-09-23,Pesquisas,40,0,00:00:00
2020-09-23,Flauta,40,0,00:00:00
2020-09-23,Meditacao,50,0,00:00:00
2020-09-23,Programacao,40,0,00:00:00
2020-09-23,Afirmacoes,150,0,00:00:00
2020-09-22,Meditacao,50,0,00:00:00
2020-09-22,Exercicios,15,50,00:00:00
2020-09-22,Afirmacoes,150,0,00:00:00
2020-09-22,VitaminasEtc,150,1,00:00:00
2020-09-22,Programacao,40,0,00:00:00
2020-09-22,Flauta,40,0,00:00:00
2020-09-22,Pesquisas,40,0,00:00:00
2020-09-22,Disciplinas,40,36,00:00:00
2020-09-22,Neuronation/Ingles,25,0,00:00:00
2020-09-21,Meditacao,50,0,00:00:00
2020-09-21,Afirmacoes,150,0,00:00:00
2020-09-21,Neuronation/Ingles,25,0,00:00:00
2020-09-21,Pesquisas,40,0,00:00:00
2020-09-21,Disciplinas,40,36,00:00:00
2020-09-21,VitaminasEtc,150,1,00:00:00
2020-09-21,Exercicios,15,60,00:00:00
2020-09-21,Flauta,40,0,00:00:00
2020-09-21,Programacao,40,0,00:00:00
2020-09-20,VitaminasEtc,150,1,00:00:00
2020-09-20,Flauta,40,0,00:00:00
2020-09-20,Exercicios,15,0,00:00:00
2020-09-20,Meditacao,50,0,00:00:00
2020-09-20,Neuronation/Ingles,25,0,00:00:00
2020-09-20,Pesquisas,40,0,00:00:00
2020-09-20,Programacao,40,0,00:00:00
2020-09-20,Disciplinas,40,72,00:00:00
2020-09-20,Afirmacoes,150,1,00:00:00
2020-09-19,Afirmacoes,150,0,00:00:00
2020-09-19,VitaminasEtc,150,1,00:00:00
2020-09-19,Meditacao,50,0,00:00:00
2020-09-19,Exercicios,15,30,00:00:00
2020-09-19,Flauta,40,0,00:00:00
2020-09-19,Programacao,40,0,00:00:00
2020-09-19,Neuronation/Ingles,25,0,00:00:00
2020-09-19,Pesquisas,40,0,00:00:00
2020-09-19,Disciplinas,40,72,00:00:00
2020-09-18,Afirmacoes,150,0,00:00:00
2020-09-18,Neuronation/Ingles,25,0,00:00:00
2020-09-18,Exercicios,15,0,00:00:00
2020-09-18,Disciplinas,40,0,00:00:00
2020-09-18,Pesquisas,40,0,00:00:00
2020-09-18,Flauta,40,4,00:00:00
2020-09-18,Programacao,40,0,00:00:00
2020-09-18,VitaminasEtc,150,1,00:00:00
2020-09-18,Meditacao,50,6,00:00:00
2020-09-17,Afirmacoes,150,0,00:00:00
2020-09-17,VitaminasEtc,150,1,00:00:00
2020-09-17,Meditacao,50,0,00:00:00
2020-09-17,Exercicios,15,50,00:00:00
2020-09-17,Neuronation/Ingles,25,0,00:00:00
2020-09-17,Programacao,40,0,00:00:00
2020-09-17,Pesquisas,40,0,00:00:00
2020-09-17,Disciplinas,40,50,00:00:00
2020-09-17,Flauta,40,5,00:00:00
2020-09-16,Disciplinas,40,24,00:00:00
2020-09-16,Exercicios,15,60,00:00:00
2020-09-16,Afirmacoes,150,0,00:00:00
2020-09-16,Meditacao,50,0,00:00:00
2020-09-16,Neuronation/Ingles,25,0,00:00:00
2020-09-16,VitaminasEtc,150,1,00:00:00
2020-09-16,Flauta,40,4,00:00:00
2020-09-16,Programacao,40,0,00:00:00
2020-09-16,Pesquisas,40,0,00:00:00
2020-09-15,VitaminasEtc,150,1,00:00:00
2020-09-15,Programacao,40,0,00:00:00
2020-09-15,Meditacao,50,0,00:00:00
2020-09-15,Afirmacoes,150,0,00:00:00
2020-09-15,Pesquisas,40,0,00:00:00
2020-09-15,Disciplinas,40,60,00:00:00
2020-09-15,Neuronation/Ingles,25,0,00:00:00
2020-09-15,Flauta,40,0,00:00:00
2020-09-15,Exercicios,15,60,00:00:00
2020-09-14,Afirmacoes,150,0,00:00:00
2020-09-14,Meditacao,50,0,00:00:00
2020-09-14,VitaminasEtc,150,2,00:00:00
2020-09-14,Flauta,40,0,00:00:00
2020-09-14,Programacao,40,0,00:00:00
2020-09-14,Neuronation/Ingles,25,0,00:00:00
2020-09-14,Pesquisas,40,0,00:00:00
2020-09-14,Exercicios,15,80,00:00:00
2020-09-14,Disciplinas,40,0,00:00:00
2020-09-13,Afirmacoes,150,0,00:00:00
2020-09-13,Exercicios,15,60,00:00:00
2020-09-13,Pesquisas,40,0,00:00:00
2020-09-13,Meditacao,50,0,00:00:00
2020-09-13,Neuronation/Ingles,25,0,00:00:00
2020-09-13,Programacao,40,0,00:00:00
2020-09-13,Flauta,40,0,00:00:00
2020-09-13,VitaminasEtc,150,0,00:00:00
2020-09-13,Disciplinas,40,48,00:00:00
2020-09-12,Neuronation/Ingles,25,0,00:00:00
2020-09-12,Meditacao,50,0,00:00:00
2020-09-12,Flauta,40,0,00:00:00
2020-09-12,Exercicios,15,50,00:00:00
2020-09-12,Afirmacoes,150,1,00:00:00
2020-09-12,Programacao,40,0,00:00:00
2020-09-12,Pesquisas,40,12,00:00:00
2020-09-12,VitaminasEtc,150,1,00:00:00
2020-09-12,Disciplinas,40,60,00:00:00
2020-09-11,Neuronation/Ingles,25,0,00:00:00
2020-09-11,Programacao,40,0,00:00:00
2020-09-11,Pesquisas,40,0,00:00:00
2020-09-11,Meditacao,50,0,00:00:00
2020-09-11,VitaminasEtc,150,1,00:00:00
2020-09-11,Exercicios,15,50,00:00:00
2020-09-11,Flauta,40,3,00:00:00
2020-09-11,Afirmacoes,150,0,00:00:00
2020-09-11,Disciplinas,40,48,00:00:00
2020-09-10,Neuronation/Ingles,25,0,00:00:00
2020-09-10,Exercicios,15,0,00:00:00
2020-09-10,Programacao,40,0,00:00:00
2020-09-10,Flauta,40,0,00:00:00
2020-09-10,Afirmacoes,150,0,00:00:00
2020-09-10,Disciplinas,40,36,00:00:00
2020-09-10,Meditacao,50,0,00:00:00
2020-09-10,Pesquisas,40,0,00:00:00
2020-09-10,VitaminasEtc,150,2,00:00:00
2020-09-09,Programacao,40,0,00:00:00
2020-09-09,VitaminasEtc,150,1,00:00:00
2020-09-09,Meditacao,50,0,00:00:00
2020-09-09,Exercicios,15,30,00:00:00
2020-09-09,Pesquisas,40,0,00:00:00
2020-09-09,Disciplinas,40,30,00:00:00
2020-09-09,Flauta,40,3,00:00:00
2020-09-09,Neuronation/Ingles,25,0,00:00:00
2020-09-09,Afirmacoes,150,0,00:00:00
2020-09-08,Pesquisas,40,0,00:00:00
2020-09-08,VitaminasEtc,150,1,00:00:00
2020-09-08,Disciplinas,40,72,00:00:00
2020-09-08,Neuronation/Ingles,25,0,00:00:00
2020-09-08,Meditacao,50,0,00:00:00
2020-09-08,Exercicios,15,50,00:00:00
2020-09-08,Programacao,40,0,00:00:00
2020-09-08,Afirmacoes,150,0,00:00:00
2020-09-08,Flauta,40,0,00:00:00
2020-09-07,Meditacao,50,4,00:00:00
2020-09-07,Disciplinas,40,48,00:00:00
2020-09-07,Flauta,40,0,00:00:00
2020-09-07,Pesquisas,40,0,00:00:00
2020-09-07,Programacao,40,0,00:00:00
2020-09-07,Exercicios,15,50,00:00:00
2020-09-07,VitaminasEtc,150,1,00:00:00
2020-09-07,Afirmacoes,150,0,00:00:00
2020-09-07,Neuronation/Ingles,25,0,00:00:00
2020-09-06,Pesquisas,40,0,00:00:00
2020-09-06,Afirmacoes,150,1,00:00:00
2020-09-06,Flauta,40,0,00:00:00
2020-09-06,Disciplinas,40,48,00:00:00
2020-09-06,VitaminasEtc,150,1,00:00:00
2020-09-06,Neuronation/Ingles,25,0,00:00:00
2020-09-06,Programacao,40,0,00:00:00
2020-09-06,Meditacao,50,0,00:00:00
2020-09-06,Exercicios,15,50,00:00:00
2020-09-05,Disciplinas,40,0,00:00:00
2020-09-05,Exercicios,15,0,00:00:00
2020-09-05,Meditacao,50,0,00:00:00
2020-09-05,Afirmacoes,150,0,00:00:00
2020-09-05,Programacao,40,0,00:00:00
2020-09-05,VitaminasEtc,150,12,00:00:00
2020-09-05,Neuronation/Ingles,25,0,00:00:00
2020-09-05,Pesquisas,40,0,00:00:00
2020-09-05,Flauta,40,0,00:00:00
2020-09-04,Neuronation/Ingles,25,0,00:00:00
2020-09-04,Meditacao,50,0,00:00:00
2020-09-04,Programacao,40,0,00:00:00
2020-09-04,Exercicios,15,40,00:00:00
2020-09-04,Pesquisas,40,12,00:00:00
2020-09-04,Afirmacoes,150,0,00:00:00
2020-09-04,Disciplinas,40,0,00:00:00
2020-09-04,Flauta,40,12,00:00:00
2020-09-04,VitaminasEtc,150,1,00:00:00
2020-09-03,Programacao,40,0,00:00:00
2020-09-03,Afirmacoes,150,0,00:00:00
2020-09-03,Meditacao,50,0,00:00:00
2020-09-03,Disciplinas,40,60,00:00:00
2020-09-03,Pesquisas,40,12,00:00:00
2020-09-03,VitaminasEtc,150,1,00:00:00
2020-09-03,Neuronation/Ingles,25,0,00:00:00
2020-09-03,Flauta,40,0,00:00:00
2020-09-03,Exercicios,15,70,00:00:00
2020-09-02,Pesquisas,40,0,00:00:00
2020-09-02,Disciplinas,40,60,00:00:00
2020-09-02,Flauta,40,12,00:00:00
2020-09-02,Exercicios,15,0,00:00:00
2020-09-02,Neuronation/Ingles,25,0,00:00:00
2020-09-02,Meditacao,50,0,00:00:00
2020-09-02,VitaminasEtc,150,1,00:00:00
2020-09-02,Programacao,40,0,00:00:00
2020-09-02,Afirmacoes,150,0,00:00:00
2020-09-01,Neuronation/Ingles,25,0,00:00:00
2020-09-01,Afirmacoes,150,0,00:00:00
2020-09-01,Programacao,40,0,00:00:00
2020-09-01,Pesquisas,40,0,00:00:00
2020-09-01,Meditacao,50,0,00:00:00
2020-09-01,Disciplinas,40,36,00:00:00
2020-09-01,Exercicios,15,60,00:00:00
2020-09-01,VitaminasEtc,150,1,00:00:00
2020-09-01,Flauta,40,0,00:00:00
2020-08-31,VitaminasEtc,150,1,00:00:00
2020-08-31,Flauta,40,0,00:00:00
2020-08-31,Afirmacoes,150,0,00:00:00
2020-08-31,Programacao,40,0,00:00:00
2020-08-31,Pesquisas,40,0,00:00:00
2020-08-31,Neuronation/Ingles,25,0,00:00:00
2020-08-31,Meditacao,50,0,00:00:00
2020-08-31,Disciplinas,40,0,00:00:00
2020-08-31,Exercicios,15,50,00:00:00
2020-08-30,Pesquisas,40,0,00:00:00
2020-08-30,VitaminasEtc,150,1,00:00:00
2020-08-30,Programacao,40,0,00:00:00
2020-08-30,Flauta,40,0,00:00:00
2020-08-30,Disciplinas,40,36,00:00:00
2020-08-30,Exercicios,15,60,00:00:00
2020-08-30,Neuronation/Ingles,25,0,00:00:00
2020-08-30,Afirmacoes,150,0,00:00:00
2020-08-30,Meditacao,50,0,00:00:00
2020-08-29,Pesquisas,40,0,00:00:00
2020-08-29,Afirmacoes,150,0,00:00:00
2020-08-29,Meditacao,50,0,00:00:00
2020-08-29,Neuronation/Ingles,25,0,00:00:00
2020-08-29,Exercicios,15,35,00:00:00
2020-08-29,Flauta,40,4,00:00:00
2020-08-29,VitaminasEtc,150,0,00:00:00
2020-08-29,Programacao,40,0,00:00:00
2020-08-29,Disciplinas,40,16,00:00:00
2020-08-28,Neuronation/Ingles,25,0,00:00:00
2020-08-28,Pesquisas,40,0,00:00:00
2020-08-28,Disciplinas,40,36,00:00:00
2020-08-28,Programacao,40,0,00:00:00
2020-08-28,Exercicios,15,53,00:00:00
2020-08-28,VitaminasEtc,150,1,00:00:00
2020-08-28,Meditacao,50,0,00:00:00
2020-08-28,Afirmacoes,150,0,00:00:00
2020-08-28,Flauta,40,4,00:00:00
2020-08-27,VitaminasEtc,150,0,00:00:00
2020-08-27,Meditacao,50,0,00:00:00
2020-08-27,Flauta,40,12,00:00:00
2020-08-27,Programacao,40,0,00:00:00
2020-08-27,Exercicios,15,48,00:00:00
2020-08-27,Neuronation/Ingles,25,0,00:00:00
2020-08-27,Afirmacoes,150,0,00:00:00
2020-08-27,Pesquisas,40,0,00:00:00
2020-08-27,Disciplinas,40,95,00:00:00
2020-08-26,Flauta,40,0,00:00:00
2020-08-26,Programacao,40,0,00:00:00
2020-08-26,Pesquisas,40,66,00:00:00
2020-08-26,Meditacao,50,3,00:00:00
2020-08-26,Disciplinas,40,0,00:00:00
2020-08-26,VitaminasEtc,150,1,00:00:00
2020-08-26,Neuronation/Ingles,25,0,00:00:00
2020-08-26,Afirmacoes,150,0,00:00:00
2020-08-26,Exercicios,15,65,00:00:00
2020-08-25,Neuronation/Ingles,25,0,00:00:00
2020-08-25,Exercicios,15,25,00:00:00
2020-08-25,Pesquisas,40,36,00:00:00
2020-08-25,Programacao,40,0,00:00:00
2020-08-25,Meditacao,50,4,00:00:00
2020-08-25,Afirmacoes,150,0,00:00:00
2020-08-25,VitaminasEtc,150,1,00:00:00
2020-08-25,Flauta,40,2,00:00:00
2020-08-25,Disciplinas,40,48,00:00:00
2020-08-24,Meditacao,50,0,00:00:00
2020-08-24,Flauta,40,10,00:00:00
2020-08-24,Exercicios,15,35,00:00:00
2020-08-24,Programacao,40,0,00:00:00
2020-08-24,VitaminasEtc,150,1,00:00:00
2020-08-24,Afirmacoes,150,0,00:00:00
2020-08-24,Neuronation/Ingles,25,0,00:00:00
2020-08-24,Pesquisas,40,24,00:00:00
2020-08-24,Disciplinas,40,0,00:00:00
2020-08-23,Exercicios,15,27,00:00:00
2020-08-23,Afirmacoes,150,0,00:00:00
2020-08-23,VitaminasEtc,150,0,00:00:00
2020-08-23,Pesquisas,40,18,00:00:00
2020-08-23,Neuronation/Ingles,25,0,00:00:00
2020-08-23,Flauta,40,14,00:00:00
2020-08-23,Disciplinas,40,5,00:00:00
2020-08-23,Programacao,40,0,00:00:00
2020-08-23,Meditacao,50,2,00:00:00
2020-08-22,Meditacao,50,6,00:00:00
2020-08-22,Disciplinas,40,40,00:00:00
2020-08-22,Pesquisas,40,0,00:00:00
2020-08-22,Programacao,40,0,00:00:00
2020-08-22,Exercicios,15,33,00:00:00
2020-08-22,Neuronation/Ingles,25,0,00:00:00
2020-08-22,VitaminasEtc,150,1,00:00:00
2020-08-22,Flauta,40,4,00:00:00
2020-08-22,Afirmacoes,150,1,00:00:00
2020-08-21,Programacao,40,0,00:00:00
2020-08-21,Pesquisas,40,0,00:00:00
2020-08-21,Exercicios,15,0,00:00:00
2020-08-21,Meditacao,50,0,00:00:00
2020-08-21,Disciplinas,40,30,00:00:00
2020-08-21,Neuronation/Ingles,25,0,00:00:00
2020-08-21,Flauta,40,2,00:00:00
2020-08-21,VitaminasEtc,150,0,00:00:00
2020-08-21,Afirmacoes,150,0,00:00:00
2020-08-20,Meditacao,50,0,00:00:00
2020-08-20,Pesquisas,40,0,00:00:00
2020-08-20,Disciplinas,40,72,00:00:00
2020-08-20,Afirmacoes,150,0,00:00:00
2020-08-20,Programacao,40,0,00:00:00
2020-08-20,Flauta,40,0,00:00:00
2020-08-20,VitaminasEtc,150,0,00:00:00
2020-08-20,Exercicios,15,12,00:00:00
2020-08-20,Neuronation/Ingles,25,0,00:00:00
2020-08-19,Afirmacoes,150,0,00:00:00
2020-08-19,Disciplinas,40,12,00:00:00
2020-08-19,Meditacao,50,12,00:00:00
2020-08-19,Programacao,40,0,00:00:00
2020-08-19,Pesquisas,40,0,00:00:00
2020-08-19,VitaminasEtc,150,0,00:00:00
2020-08-19,Flauta,40,0,00:00:00
2020-08-19,Exercicios,15,20,00:00:00
2020-08-19,Neuronation/Ingles,25,0,00:00:00
2020-08-18,Disciplinas,40,48,00:00:00
2020-08-18,Neuronation/Ingles,25,0,00:00:00
2020-08-18,Afirmacoes,150,0,00:00:00
2020-08-18,Meditacao,50,0,00:00:00
2020-08-18,Programacao,40,0,00:00:00
2020-08-18,Exercicios,15,22,00:00:00
2020-08-18,VitaminasEtc,150,0,00:00:00
2020-08-18,Pesquisas,40,0,00:00:00
2020-08-18,Flauta,40,12,00:00:00
2020-08-17,Neuronation/Ingles,25,0,00:00:00
2020-08-17,Flauta,40,0,00:00:00
2020-08-17,Pesquisas,40,0,00:00:00
2020-08-17,VitaminasEtc,150,0,00:00:00
2020-08-17,Meditacao,50,12,00:00:00
2020-08-17,Afirmacoes,150,0,00:00:00
2020-08-17,Disciplinas,40,48,00:00:00
2020-08-17,Exercicios,15,32,00:00:00
2020-08-17,Programacao,40,0,00:00:00
2020-08-16,Meditacao,50,0,00:00:00
2020-08-16,Programacao,40,0,00:00:00
2020-08-16,Pesquisas,40,0,00:00:00
2020-08-16,Exercicios,15,0,00:00:00
2020-08-16,Afirmacoes,150,0,00:00:00
2020-08-16,Flauta,40,6,00:00:00
2020-08-16,VitaminasEtc,150,0,00:00:00
2020-08-16,Disciplinas,40,48,00:00:00
2020-08-16,Neuronation/Ingles,25,0,00:00:00
2020-08-15,Meditacao,50,0,00:00:00
2020-08-15,Programacao,40,0,00:00:00
2020-08-15,Pesquisas,40,0,00:00:00
2020-08-15,Disciplinas,40,48,00:00:00
2020-08-15,VitaminasEtc,150,1,00:00:00
2020-08-15,Exercicios,15,20,00:00:00
2020-08-15,Neuronation/Ingles,25,0,00:00:00
2020-08-15,Flauta,40,0,00:00:00
2020-08-15,Afirmacoes,150,1,00:00:00
2020-08-14,Neuronation/Ingles,25,0,00:00:00
2020-08-14,Pesquisas,40,0,00:00:00
2020-08-14,Exercicios,15,6,00:00:00
2020-08-14,Flauta,40,8,00:00:00
2020-08-14,Meditacao,50,0,00:00:00
2020-08-14,Programacao,40,0,00:00:00
2020-08-14,Disciplinas,40,4,00:00:00
2020-08-14,VitaminasEtc,150,1,00:00:00
2020-08-14,Afirmacoes,150,0,00:00:00
2020-08-13,Flauta,40,12,00:00:00
2020-08-13,Disciplinas,40,36,00:00:00
2020-08-13,Afirmacoes,150,1,00:00:00
2020-08-13,Programacao,40,0,00:00:00
2020-08-13,Exercicios,15,26,00:00:00
2020-08-13,Pesquisas,40,0,00:00:00
2020-08-13,Meditacao,50,0,00:00:00
2020-08-13,VitaminasEtc,150,0,00:00:00
2020-08-13,Neuronation/Ingles,25,0,00:00:00
2020-08-12,Pesquisas,40,24,00:00:00
2020-08-12,Exercicios,15,26,00:00:00
2020-08-12,Meditacao,50,0,00:00:00
2020-08-12,Flauta,40,10,00:00:00
2020-08-12,Programacao,40,0,00:00:00
2020-08-12,Afirmacoes,150,0,00:00:00
2020-08-12,Neuronation/Ingles,25,0,00:00:00
2020-08-12,Disciplinas,40,16,00:00:00
2020-08-12,VitaminasEtc,150,1,00:00:00
2020-08-11,Pesquisas,40,40,00:00:00
2020-08-11,VitaminasEtc,150,0,00:00:00
2020-08-11,Exercicios,15,20,00:00:00
2020-08-11,Meditacao,50,0,00:00:00
2020-08-11,Disciplinas,40,48,00:00:00
2020-08-11,Programacao,40,0,00:00:00
2020-08-11,Flauta,40,13,00:00:00
2020-08-11,Neuronation/Ingles,25,0,00:00:00
2020-08-11,Afirmacoes,150,0,00:00:00
2020-08-10,Pesquisas,40,42,00:00:00
2020-08-10,VitaminasEtc,150,0,00:00:00
2020-08-10,Flauta,40,12,00:00:00
2020-08-10,Neuronation/Ingles,25,0,00:00:00
2020-08-10,Afirmacoes,150,0,00:00:00
2020-08-10,Disciplinas,40,0,00:00:00
2020-08-10,Programacao,40,0,00:00:00
2020-08-10,Meditacao,50,0,00:00:00
2020-08-10,Exercicios,15,0,00:00:00
2020-08-09,Afirmacoes,150,0,00:00:00
2020-08-09,Programacao,40,0,00:00:00
2020-08-09,Disciplinas,40,0,00:00:00
2020-08-09,VitaminasEtc,150,1,00:00:00
2020-08-09,Flauta,40,12,00:00:00
2020-08-09,Pesquisas,40,36,00:00:00
2020-08-09,Neuronation/Ingles,25,0,00:00:00
2020-08-09,Meditacao,50,0,00:00:00
2020-08-09,Exercicios,15,14,00:00:00
2020-08-08,Programacao,40,0,00:00:00
2020-08-08,VitaminasEtc,150,1,00:00:00
2020-08-08,Disciplinas,40,0,00:00:00
2020-08-08,Neuronation/Ingles,25,0,00:00:00
2020-08-08,Pesquisas,40,60,00:00:00
2020-08-08,Afirmacoes,150,0,00:00:00
2020-08-08,Meditacao,50,0,00:00:00
2020-08-08,Flauta,40,12,00:00:00
2020-08-08,Exercicios,15,12,00:00:00
2020-08-07,Exercicios,15,10,00:00:00
2020-08-07,VitaminasEtc,150,0,00:00:00
2020-08-07,Disciplinas,40,24,00:00:00
2020-08-07,Neuronation/Ingles,25,0,00:00:00
2020-08-07,Meditacao,50,0,00:00:00
2020-08-07,Programacao,40,16,00:00:00
2020-08-07,Flauta,40,20,00:00:00
2020-08-07,Afirmacoes,150,0,00:00:00
2020-08-07,Pesquisas,40,12,00:00:00
2020-08-06,VitaminasEtc,150,1,00:00:00
2020-08-06,Flauta,40,12,00:00:00
2020-08-06,Afirmacoes,150,0,00:00:00
2020-08-06,Exercicios,15,21,00:00:00
2020-08-06,Programacao,40,0,00:00:00
2020-08-06,Disciplinas,40,48,00:00:00
2020-08-06,Pesquisas,40,0,00:00:00
2020-08-06,Neuronation/Ingles,25,0,00:00:00
2020-08-06,Meditacao,50,0,00:00:00
2020-08-05,Programacao,40,0,00:00:00
2020-08-05,Disciplinas,40,42,00:00:00
2020-08-05,VitaminasEtc,150,1,00:00:00
2020-08-05,Neuronation/Ingles,25,0,00:00:00
2020-08-05,Meditacao,50,0,00:00:00
2020-08-05,Afirmacoes,150,0,00:00:00
2020-08-05,Pesquisas,40,0,00:00:00
2020-08-05,Exercicios,15,0,00:00:00
2020-08-05,Flauta,40,10,00:00:00
2020-08-04,Exercicios,15,30,00:00:00
2020-08-04,Flauta,40,0,00:00:00
2020-08-04,Pesquisas,40,24,00:00:00
2020-08-04,Neuronation/Ingles,25,0,00:00:00
2020-08-04,VitaminasEtc,150,0,00:00:00
2020-08-04,Disciplinas,40,48,00:00:00
2020-08-04,Meditacao,50,0,00:00:00
2020-08-04,Programacao,40,0,00:00:00
2020-08-04,Afirmacoes,150,0,00:00:00
2020-08-03,Programacao,40,0,00:00:00
2020-08-03,Pesquisas,40,0,00:00:00
2020-08-03,Exercicios,15,0,00:00:00
2020-08-03,Meditacao,50,0,00:00:00
2020-08-03,VitaminasEtc,150,0,00:00:00
2020-08-03,Disciplinas,40,0,00:00:00
2020-08-03,Afirmacoes,150,0,00:00:00
2020-08-03,Flauta,40,0,00:00:00
2020-08-03,Neuronation/Ingles,25,0,00:00:00
2020-08-02,Flauta,40,8,00:00:00
2020-08-02,VitaminasEtc,150,0,00:00:00
2020-08-02,Disciplinas,40,18,00:00:00
2020-08-02,Exercicios,15,21,00:00:00
2020-08-02,Afirmacoes,150,0,00:00:00
2020-08-02,Meditacao,50,12,00:00:00
2020-08-02,Programacao,40,0,00:00:00
2020-08-02,Pesquisas,40,6,00:00:00
2020-08-02,Neuronation/Ingles,25,0,00:00:00
2020-08-01,Flauta,40,24,00:00:00
2020-08-01,Programacao,40,0,00:00:00
2020-08-01,Disciplinas,40,0,00:00:00
2020-08-01,Neuronation/Ingles,25,0,00:00:00
2020-08-01,VitaminasEtc,150,0,00:00:00
2020-08-01,Pesquisas,40,24,00:00:00
2020-08-01,Exercicios,15,0,00:00:00
2020-08-01,Meditacao,50,0,00:00:00
2020-08-01,Afirmacoes,150,0,00:00:00
2020-07-31,VitaminasEtc,150,0,00:00:00
2020-07-31,Exercicios,15,31,00:00:00
2020-07-31,Meditacao,50,0,00:00:00
2020-07-31,Disciplinas,40,0,00:00:00
2020-07-31,Afirmacoes,150,0,00:00:00
2020-07-31,Pesquisas,40,30,00:00:00
2020-07-31,Programacao,40,0,00:00:00
2020-07-31,Flauta,40,24,00:00:00
2020-07-31,Neuronation/Ingles,25,0,00:00:00
2020-07-30,Programacao,40,0,00:00:00
2020-07-30,Disciplinas,40,12,00:00:00
2020-07-30,Afirmacoes,150,0,00:00:00
2020-07-30,Meditacao,50,4,00:00:00
2020-07-30,Exercicios,15,30,00:00:00
2020-07-30,Neuronation/Ingles,25,0,00:00:00
2020-07-30,Pesquisas,40,62,00:00:00
2020-07-30,Flauta,40,0,00:00:00
2020-07-30,VitaminasEtc,150,1,00:00:00
2020-07-29,VitaminasEtc,150,1,00:00:00
2020-07-29,Afirmacoes,150,0,00:00:00
2020-07-29,Disciplinas,40,0,00:00:00
2020-07-29,Pesquisas,40,48,00:00:00
2020-07-29,Exercicios,15,10,00:00:00
2020-07-29,Neuronation/Ingles,25,0,00:00:00
2020-07-29,Programacao,40,0,00:00:00
2020-07-29,Flauta,40,12,00:00:00
2020-07-29,Meditacao,50,0,00:00:00
2020-07-28,Meditacao,50,4,00:00:00
2020-07-28,Programacao,40,0,00:00:00
2020-07-28,Pesquisas,40,48,00:00:00
2020-07-28,Afirmacoes,150,0,00:00:00
2020-07-28,Flauta,40,10,00:00:00
2020-07-28,Disciplinas,40,48,00:00:00
2020-07-28,Neuronation/Ingles,25,0,00:00:00
2020-07-28,Exercicios,15,36,00:00:00
2020-07-28,VitaminasEtc,150,1,00:00:00
2020-07-27,Programacao,40,0,00:00:00
2020-07-27,Exercicios,15,0,00:00:00
2020-07-27,Flauta,40,6,00:00:00
2020-07-27,Disciplinas,40,0,00:00:00
2020-07-27,Pesquisas,40,12,00:00:00
2020-07-27,VitaminasEtc,150,1,00:00:00
2020-07-27,Afirmacoes,150,0,00:00:00
2020-07-27,Neuronation/Ingles,25,0,00:00:00
2020-07-27,Meditacao,50,0,00:00:00
2020-07-26,Pesquisas,40,48,00:00:00
2020-07-26,Programacao,40,36,00:00:00
2020-07-26,Flauta,40,8,00:00:00
2020-07-26,Meditacao,50,2,00:00:00
2020-07-26,Exercicios,15,40,00:00:00
2020-07-26,VitaminasEtc,150,1,00:00:00
2020-07-26,Disciplinas,40,0,00:00:00
2020-07-26,Afirmacoes,150,1,00:00:00
2020-07-26,Neuronation/Ingles,25,0,00:00:00
2020-07-25,Disciplinas,40,0,00:00:00
2020-07-25,Meditacao,50,0,00:00:00
2020-07-25,Neuronation/Ingles,25,0,00:00:00
2020-07-25,Afirmacoes,150,1,00:00:00
2020-07-25,VitaminasEtc,150,0,00:00:00
2020-07-25,Flauta,40,0,00:00:00
2020-07-25,Programacao,40,0,00:00:00
2020-07-25,Exercicios,15,0,00:00:00
2020-07-25,Pesquisas,40,82,00:00:00
2020-07-24,Pesquisas,5,564,00:00:00
2020-07-23,Pesquisas,5,668,00:00:00
2020-07-22,Pesquisas,5,621,00:00:00
2020-07-21,Pesquisas,5,666,00:00:00
2020-07-20,Pesquisas,5,519,00:00:00
2020-07-19,Pesquisas,5,408,00:00:00
2020-07-18,Pesquisas,5,318,00:00:00
2020-07-17,Pesquisas,5,402,00:00:00
2020-07-16,Pesquisas,5,508,00:00:00
2020-07-15,Pesquisas,5,387,00:00:00
2020-07-14,Pesquisas,5,698,00:00:00
2020-07-13,Pesquisas,5,390,00:00:00
2020-07-12,Pesquisas,5,571,00:00:00
2020-07-11,Pesquisas,5,730,00:00:00
2020-07-10,Pesquisas,5,480,00:00:00
2020-07-09,Pesquisas,5,666,00:00:00
2020-07-08,Pesquisas,5,606,00:00:00
2020-07-07,Pesquisas,5,470,00:00:00
2020-07-06,Pesquisas,5,666,00:00:00
2020-07-05,Pesquisas,5,730,00:00:00
2020-07-04,Pesquisas,5,742,00:00:00
2020-07-03,Pesquisas,5,666,00:00:00
2020-07-02,Pesquisas,5,584,00:00:00
2020-07-01,Pesquisas,5,636,00:00:00
2020-06-30,Pesquisas,5,670,00:00:00
2020-06-29,Pesquisas,5,570,00:00:00
2020-06-28,Pesquisas,5,715,00:00:00
2020-06-27,Pesquisas,5,706,00:00:00
2020-06-26,Pesquisas,5,606,00:00:00
2020-06-25,Pesquisas,5,758,00:00:00
2020-06-24,Pesquisas,5,650,00:00:00
2020-06-23,Pesquisas,5,660,00:00:00
2020-06-22,Pesquisas,5,785,00:00:00
2020-06-21,Pesquisas,5,576,00:00:00
2020-06-20,Pesquisas,5,737,00:00:00
2020-06-19,Pesquisas,5,638,00:00:00
2020-06-18,Pesquisas,5,666,00:00:00
2020-06-17,Pesquisas,5,484,00:00:00
2020-06-16,Pesquisas,5,645,00:00:00
2020-06-15,Pesquisas,5,483,00:00:00
2020-06-14,Pesquisas,5,348,00:00:00
2020-06-13,Pesquisas,5,354,00:00:00
2020-06-12,Pesquisas,5,348,00:00:00
2020-06-11,Pesquisas,5,391,00:00:00
2020-06-10,Pesquisas,5,431,00:00:00
2020-06-09,Pesquisas,5,574,00:00:00
2020-06-08,Pesquisas,5,156,00:00:00
2020-06-07,Pesquisas,5,572,00:00:00
2020-06-06,Pesquisas,5,514,00:00:00
2020-06-05,Pesquisas,5,234,00:00:00
2020-06-04,Pesquisas,5,82,00:00:00
2020-06-03,Pesquisas,5,272,00:00:00
2020-06-02,Pesquisas,5,402,00:00:00
2020-06-01,Pesquisas,5,474,00:00:00
2020-05-31,Pesquisas,5,250,00:00:00
2020-05-30,Pesquisas,5,272,00:00:00
2020-05-29,Pesquisas,5,351,00:00:00
2020-05-28,Pesquisas,5,315,00:00:00
2020-05-27,Pesquisas,5,516,00:00:00
2020-05-26,Pesquisas,5,258,00:00:00
2020-05-25,Pesquisas,5,544,00:00:00
2020-05-24,Pesquisas,5,510,00:00:00
2020-05-23,Pesquisas,5,564,00:00:00
2020-05-22,Pesquisas,5,520,00:00:00
2020-05-21,Pesquisas,5,474,00:00:00
2020-05-20,Pesquisas,5,724,00:00:00
2020-05-19,Pesquisas,5,728,00:00:00
2020-05-18,Pesquisas,5,348,00:00:00
2020-05-17,Pesquisas,5,563,00:00:00
2020-05-16,Pesquisas,5,396,00:00:00
2020-05-15,Pesquisas,5,426,00:00:00
2020-05-14,Pesquisas,5,560,00:00:00
2020-05-13,Pesquisas,5,459,00:00:00
2020-05-12,Pesquisas,5,174,00:00:00
2020-05-11,Pesquisas,5,250,00:00:00
2020-05-10,Pesquisas,5,446,00:00:00
2020-05-09,Pesquisas,5,412,00:00:00
2020-05-08,Pesquisas,5,472,00:00:00
2020-05-07,Pesquisas,5,520,00:00:00
2020-05-06,Pesquisas,5,306,00:00:00
2020-05-05,Pesquisas,5,232,00:00:00
2020-05-04,Pesquisas,5,242,00:00:00
2020-05-03,Pesquisas,5,593,00:00:00
2020-05-02,Pesquisas,5,383,00:00:00
2020-05-01,Pesquisas,5,348,00:00:00
2020-04-30,Pesquisas,5,652,00:00:00
2020-04-29,Pesquisas,5,352,00:00:00
2020-04-28,Pesquisas,5,551,00:00:00
2020-04-27,Pesquisas,5,484,00:00:00
2020-04-26,Pesquisas,5,590,00:00:00
2020-04-25,Pesquisas,5,615,00:00:00
2020-04-24,Pesquisas,5,696,00:00:00
2020-04-23,Pesquisas,5,62,00:00:00
2020-04-22,Pesquisas,5,429,00:00:00
2020-04-21,Pesquisas,5,483,00:00:00
2020-04-20,Pesquisas,5,315,00:00:00
2020-04-19,Pesquisas,5,288,00:00:00
2020-04-18,Pesquisas,5,254,00:00:00
2020-04-17,Pesquisas,5,172,00:00:00
2020-04-16,Pesquisas,5,156,00:00:00
2020-04-15,Pesquisas,5,330,00:00:00
2020-04-14,Pesquisas,5,708,00:00:00
2020-04-13,Pesquisas,5,463,00:00:00
2020-04-12,Pesquisas,5,574,00:00:00
2020-04-11,Pesquisas,5,672,00:00:00
2020-04-10,Pesquisas,5,163,00:00:00
2020-04-09,Pesquisas,5,298,00:00:00
2020-04-08,Pesquisas,5,450,00:00:00
2020-04-07,Pesquisas,5,402,00:00:00
2020-04-06,Pesquisas,5,420,00:00:00
2020-04-05,Pesquisas,5,446,00:00:00
2020-04-04,Pesquisas,5,540,00:00:00
2020-04-03,Pesquisas,5,495,00:00:00
2020-04-02,Pesquisas,5,414,00:00:00
2020-04-01,Pesquisas,5,488,00:00:00
2020-03-31,Pesquisas,5,582,00:00:00
2020-03-30,Pesquisas,5,495,00:00:00
2020-03-29,Pesquisas,5,420,00:00:00
2020-03-28,Pesquisas,5,402,00:00:00
2020-03-27,Pesquisas,5,346,00:00:00
2020-03-26,Pesquisas,5,440,00:00:00
2020-03-25,Pesquisas,5,246,00:00:00
2020-03-24,Pesquisas,5,279,00:00:00
2020-03-23,Pesquisas,5,162,00:00:00
2020-03-22,Pesquisas,5,330,00:00:00
2020-03-21,Pesquisas,5,324,00:00:00
2020-03-20,Pesquisas,5,240,00:00:00
2020-03-19,Pesquisas,5,216,00:00:00
2020-03-18,Pesquisas,5,300,00:00:00
2020-03-17,Pesquisas,5,361,00:00:00
2020-03-16,Pesquisas,5,602,00:00:00
2020-03-15,Pesquisas,5,430,00:00:00
2020-03-14,Pesquisas,5,580,00:00:00
2020-03-13,Pesquisas,5,166,00:00:00
2020-03-12,Pesquisas,5,862,00:00:00
2020-03-11,Pesquisas,5,774,00:00:00
2020-03-10,Pesquisas,5,486,00:00:00
2020-03-09,Pesquisas,5,410,00:00:00
2020-03-08,Pesquisas,5,76,00:00:00
2020-03-07,Pesquisas,5,485,00:00:00
2020-03-06,Pesquisas,5,350,00:00:00
2020-03-05,Pesquisas,5,648,00:00:00
2020-03-04,Pesquisas,5,563,00:00:00
2020-03-03,Pesquisas,5,691,00:00:00
2020-03-02,Pesquisas,5,54,00:00:00
2020-03-01,Pesquisas,5,0,00:00:00
2020-02-29,Pesquisas,5,0,00:00:00
2020-02-28,Pesquisas,5,0,00:00:00
2020-02-27,Pesquisas,5,0,00:00:00
2020-02-26,Pesquisas,5,0,00:00:00
2020-02-25,Pesquisas,5,88,00:00:00
2020-02-24,Pesquisas,5,232,00:00:00
2020-02-23,Pesquisas,5,442,00:00:00
2020-02-22,Pesquisas,5,140,00:00:00
2020-02-21,Pesquisas,5,309,00:00:00
2020-02-20,Pesquisas,5,305,00:00:00
2020-02-19,Pesquisas,5,140,00:00:00
2020-02-18,Pesquisas,5,167,00:00:00
2020-02-17,Pesquisas,5,293,00:00:00
2020-02-16,Pesquisas,5,120,00:00:00
2020-02-15,Pesquisas,5,23,00:00:00
2020-02-14,Pesquisas,5,17,00:00:00
